"date","theater","company","title","genre","author","composer","id"
1781-01-21,"Bth","Court","Irene","Trauerspiel","Ayrenhoff",NA,""
1781-01-21,"Bth","Court","Die Freundschaft auf der Probe","Singspiel","Marmontel","Grétry",""
1781-01-21,"Kth","Kinder","Der Sturm","Schauspiel","Shakespeare",NA,""
1781-01-21,"Kth","Kinder","Matrosen Ballet","Ballet","Decamp","unknown",""
1781-01-22,"Bth","Court","Die Feldmühle","Lustspiel","Richter",NA,""
1781-01-22,"Bth","Court","Die Freundschaft auf der Probe","Singspiel","Marmontel","Grétry",""
1781-01-22,"Kth","French","La Belle Arsène","Comédie mêlée d'ariettes","Favart","Monsigny",""
1781-01-23,"Bth","Court","Irene","Trauerspiel","Ayrenhoff",NA,""
1781-01-23,"Bth","Court","Die Rechnung ohne den Wirth","Lustspiel","Schletter",NA,""
1781-01-23,"Kth","Kinder","Die Näscherinn","Singspiel","Weiße","Kriner",""
1781-01-23,"Kth","Kinder","Die Geschwisterliebe","Schauspiel","Weiße",NA,""
1781-01-23,"Kth","Kinder","Matrosen Ballet","Ballet","Decamp","unknown",""
1781-01-24,"Bth","Court","Juliane von Lindorak","Lustspiel","Gozzi",NA,""
1781-01-24,"Bth","Court","Der Bettelstudent","Lustspiel","Weidmann",NA,""
1781-01-24,"Kth","French","L'Amant jaloux, ou les Fausses Apparences","Comédie mêlée d'ariettes","Hales","Grétry",""
1781-01-24,"Kth","French","No title","Ballet","unknown","unknown",""
1781-01-25,"Bth","Court","Der Barbier von Sevilien","Lustspiel","Beaumarchais",NA,""
1781-01-25,"Kth","Kinder","Der Sturm","Schauspiel","Shakespeare",NA,""
1781-01-25,"Kth","Kinder","Matrosen Ballet","Ballet","Decamp","unknown",""
1781-01-26,"Bth","Court","Die donnernde Legion","Oratorio","Weidmann","Bartha",""
1781-01-26,"Kth","Kinder","Die kleine Aehrenleserin","Lustspiel","Weiße",NA,""
1781-01-26,"Kth","Kinder","Die Kroaten","Ballet","Mirek","unknown",""
1781-01-27,"Bth","Court","Irene","Trauerspiel","Ayrenhoff",NA,""
1781-01-27,"Bth","Court","Die Freundschaft auf der Probe","Singspiel","Marmontel","Grétry",""
1781-01-27,"Kth","Kinder","Die Näscherinn","Singspiel","Weiße","Kriner",""
1781-01-27,"Bth","Court","Betrug für Betrug","Lustspiel","Schletter",NA,""
1781-01-28,"Kth","French","Aline, reine de Golconde","Opéra-ballet","Sedaine","Monsigny",""
1781-01-29,"Bth","Court","Der Bettler","Lustspiel","Goldoni",NA,""
1781-01-29,"Bth","Court","Die Freundschaft auf der Probe","Singspiel","Marmontel","Grétry",""
1781-01-29,"Kth","Kinder","Edelmuth in Niedrigkeit","Lustspiel","Weiße",NA,""
1781-01-29,"Kth","Kinder","Die Strafe im Sturz","Ballet","Sacco","unknown",""
1781-01-30,"Bth","Court","Das Landmädchen","Lustspiel","Wycherley",NA,""
1781-01-30,"Kth","French","Zémire et Azor","Opéra comique","Marmontel","Grétry",""
1781-01-31,"Bth","Court","Der Westindier","Lustspiel","Cumberland",NA,""
1781-01-31,"Kth","Kinder","Präsentirt das Gewehr","Lustspiel","Müller",NA,""
1781-01-31,"Kth","Kinder","Matrosen Ballet","Ballet","Decamp","unknown",""
1781-02-01,"Bth","Court","Die Verlobung","Lustspiel","Brömel",NA,""
1781-02-01,"Bth","Court","Die pücefarbnen Schuhe, oder Die schöne Schusterin","Singspiel","Stephanie d. J.","Umlauf",""
1781-02-01,"Kth","French","La Rosière de Salency","Opéra comique","Favart","Philidor",""
1781-02-02,"Bth",NA,"Concert, Peter Winter and Franz Tausch",NA,NA,NA,""
1781-02-03,"Bth","Court","Wahrheit ist gut Ding","Lustspiel","Goldoni",NA,""
1781-02-03,"Kth","French","Le Barbier de Séville","Comédie","Beaumarchais",NA,""
1781-02-03,"Kth","French","La Belle Cordonniere","Opéra comique","unknown","unknown",""
1781-02-04,"Kth","Kinder","Die Näscherinn","Singspiel","Weiße","Kriner",""
1781-02-04,"Kth","Kinder","Die Horazier","Ballet","Vogt","unknown",""
1781-02-04,"Bth","Court","Wahrheit ist gut Ding","Lustspiel","Goldoni",NA,""
1781-02-05,"Bth","Court","Die junge Indianerinn","Lustspiel","Chamfort",NA,""
1781-02-05,"Bth","Court","Was erhält die Männer treu?","Singspiel","Zehnmark","Ruprecht",""
1781-02-05,"Kth","French","L'Ami de la maison","Comédie mêlée d'ariettes","Marmontel","Grétry",""
1781-02-05,"Kth","French","No title","Ballet","unknown","unknown",""
1781-02-06,"Bth","Court","Die Holländer","Lustspiel","Goldoni",NA,""
1781-02-06,"Kth","Kinder","Die natürliche Zauberey","Lustspiel","Weiße",NA,""
1781-02-06,"Kth","Kinder","Die Horazier","Ballet","Vogt","unknown",""
1781-02-07,"Bth","Court","Erwine von Steinheim","Trauerspiel","Blumauer",NA,""
1781-02-07,"Kth","French","La Fausse Magie","Comédie mêlée d'ariettes","Marmontel","Grétry",""
1781-02-07,"Kth","French","No title","Ballet","unknown","unknown",""
1781-02-08,"Bth","Court","Bekir und Gulroui","Lustspiel","Cardonne",NA,""
1781-02-08,"Bth","Court","Der eifersüchtige Liebhaber","Singspiel","Hales","Grétry",""
1781-02-08,"Kth","Kinder","Die Näscherinn","Singspiel","Weiße","Kriner",""
1781-02-08,"Kth","Kinder","Die Horazier","Ballet","Vogt","unknown",""
1781-02-09,"Bth",NA,"Concert, Johann Konrad Schlick and Christian Danner",NA,NA,NA,""
1781-02-10,"Bth","Court","Der Hausvater","Lustspiel","Diderot",NA,""
1781-02-10,"Kth","Kinder","Hanns bleibt Hanns, oder der Bauer, ein Fürst","Lustspiel","Schink",NA,""
1781-02-10,"Kth","Kinder","Adelheid von Ponthieu","Ballet","Noverre","Starzer",""
1781-02-11,"Bth","Court","Die Wildschützen","Lustspiel","Stephanie d. J.","unknown",""
1781-02-11,"Kth","French","L'Amoreux de quinze ans","Comédie mêlée d'ariettes","Laujon","Martini",""
1781-02-11,"Kth","French","No title","Ballet","unknown","unknown",""
1781-02-12,"Bth","Court","Die Pilgrime von Mekka","Singspiel","Dancourt","Gluck",""
1781-02-12,"Kth","Kinder","Die natürliche Zauberey","Lustspiel","Weiße",NA,""
1781-02-12,"Kth","Kinder","Die Horazier","Ballet","Vogt","unknown",""
1781-02-13,"Bth","Court","Der Spleen","Lustspiel","Stephanie d. J.",NA,""
1781-02-13,"Bth","Court","Der Sklavenhändler von Smyrna","Singspiel","Chamfort","unknown",""
1781-02-13,"Kth","French","La Bonne Fille","Opéra comique","unknown","unknown",""
1781-02-13,"Kth","French","Le François à Londres","Comédie","Boissy",NA,""
1781-02-14,"Bth","Court","Der Graf von Walltron","Trauerspiel","Möller",NA,""
1781-02-14,"Kth","Kinder","Die Näscherinn","Singspiel","Weiße","Kriner",""
1781-02-14,"Kth","Kinder","Agamemnon","Ballet","Noverre","unknown",""
1781-02-15,"Bth","Court","Die Liebe unter den Handwerksleuten","Singspiel","Goldoni","Gassmann",""
1781-02-15,"Kth","French","Le Déserteur","Drame mêlée de musique","Sedaine","Monsigny",""
1781-02-15,"Kth","French","No title","Ballet","unknown","unknown",""
1781-02-16,"Bth",NA,"Concert, Anton Ulbrich",NA,NA,NA,""
1781-02-17,"Bth","Court","Das Loch in der Thüre","Lustspiel","Stephanie d. J.",NA,""
1781-02-17,"Kth","French","Les Talens à la mode","Comédie","Boissy",NA,""
1781-02-17,"Kth","French","La Double Frayeur","Comédie","unknown",NA,""
1781-02-17,"Kth","French","No title","Ballet","unknown","unknown",""
1781-02-18,"Bth","Court","Das Loch in der Thüre","Lustspiel","Stephanie d. J.",NA,""
1781-02-18,"Kth","Kinder","Hanns bleibt Hanns, oder der Bauer, ein Fürst","Lustspiel","Schink",NA,""
1781-02-18,"Kth","Kinder","Die Horazier","Ballet","Vogt","unknown",""
1781-02-19,"Bth","Court","Die Liebe unter den Handwerksleuten","Singspiel","Goldoni","Gassmann",""
1781-02-19,"Kth","French","Les Talens à la mode","Comédie","Boissy",NA,""
1781-02-19,"Kth","French","Le Tonnellier","Opéra comique","Audinot","Gossec",""
1781-02-19,"Kth","French","No title","Ballet","unknown","unknown",""
1781-02-20,"Bth","Court","Der Jurist und der Bauer","Lustspiel","Rautenstrauch",NA,""
1781-02-20,"Kth","Kinder","Ariadne auf Naxos","Duodrama","Brandes","Benda",""
1781-02-20,"Bth","Court","Medea","Melodrama","Gotter","Benda",""
1781-02-20,"Kth","Kinder","Die Horazier","Ballet","Vogt","unknown",""
1781-02-21,"Bth","Court","Soliman der Zweyte, oder Die drey Sultaninnen","Lustspiel","Favart",NA,""
1781-02-21,"Bth","Court","Der Sklavenhändler von Smyrna","Singspiel","Chamfort","unknown",""
1781-02-21,"Kth","French","Le Mercure galant ou la Comédie sans titre","Comédie","Boursault",NA,""
1781-02-21,"Kth","French","La Double Frayeur","Comédie","unknown",NA,""
1781-02-21,"Kth","French","No title","Ballet","unknown","unknown",""
1781-02-22,"Bth","Court","Das Winterquartier in Amerika","Lustspiel","Babo",NA,""
1781-02-22,"Bth","Court","Der eifersüchtige Liebhaber","Singspiel","Hales","Grétry",""
1781-02-22,"Kth","Kinder","Die wahre Liebe","Lustspiel","Schiebeler",NA,""
1781-02-22,"Kth","Kinder","Die Näscherinn","Singspiel","Weiße","Kriner",""
1781-02-22,"Kth","Kinder","Adelheid von Ponthieu","Ballet","Noverre","Starzer",""
1781-02-23,"Bth",NA,"Concert, Tebaldo Monzani",NA,NA,NA,""
1781-02-24,"Bth","Court","Das Loch in der Thüre","Lustspiel","Stephanie d. J.",NA,""
1781-02-24,"Kth","Kinder","Hanns bleibt Hanns, oder der Bauer, ein Fürst","Lustspiel","Schink",NA,""
1781-02-24,"Kth","Kinder","Die wahre Liebe","Lustspiel","Schiebeler",NA,""
1781-02-24,"Kth","Kinder","Die Horazier","Ballet","Vogt","unknown",""
1781-02-25,"Bth","Court","Die Rechnung ohne den Wirth","Lustspiel","Schletter",NA,""
1781-02-25,"Bth","Court","Die pücefarbnen Schuhe, oder Die schöne Schusterin","Singspiel","Stephanie d. J.","Umlauf",""
1781-02-25,"Kth","French","Don Japhet d'Armenie","Comédie","Scarron",NA,""
1781-02-25,"Kth","French","No title","Ballet","unknown","unknown",""
1781-02-26,"Bth","Court","Wahrheit ist gut Ding","Lustspiel","Goldoni",NA,""
1781-02-26,"Kth","Kinder","Hanns bleibt Hanns, oder der Bauer, ein Fürst","Lustspiel","Schink",NA,""
1781-02-26,"Kth","Kinder","Die Näscherinn","Singspiel","Weiße","Kriner",""
1781-02-26,"Kth","Kinder","Die Horazier","Ballet","Vogt","unknown",""
1781-02-27,"Bth","Court","Der Schneider und sein Sohn","Lustspiel","Fuß",NA,""
1781-02-27,"Bth","Court","Der Faßbinder","Singspiel","Poinsinet","Philidor",""
1781-02-27,"Kth","French","L'Amoreux de quinze ans","Comédie mêlée d'ariettes","Laujon","Martini",""
1781-02-27,"Kth","French","Rose et Colas","Opéra comique","Sedaine","Monsigny",""
1781-02-27,"Kth","French","No title","Ballet","unknown","unknown",""
1781-03-04,"Bth",NA,"Concert, Valentin Adamberger",NA,NA,NA,""
1781-03-06,"Bth",NA,"Concert, Mathias Thurner",NA,NA,NA,""
1781-03-08,"Bth",NA,"Concert, French company",NA,NA,NA,""
1781-03-11,"Kth",NA,"Concert, Tonkünstler-Societät",NA,NA,NA,""
1781-03-12,"Bth",NA,"Concert, Ludwig Fischer",NA,NA,NA,""
1781-03-13,"Kth",NA,"Concert, Tonkünstler-Societät",NA,NA,NA,""
1781-03-15,"Bth",NA,"Concert, Józef Boruwłaski (dwarf)",NA,NA,NA,""
1781-03-18,"Bth",NA,"Concert, Vincenzo Righini",NA,NA,NA,""
1781-03-19,"Bth",NA,"Concert, Friedrich Ramm",NA,NA,NA,""
1781-03-20,"Kth",NA,"Concert, Elisabeth Mara",NA,NA,NA,""
1781-03-25,"Bth",NA,"Concert, Vincenzo Righini",NA,NA,NA,""
1781-03-26,"Bth",NA,"Concert, Peter Winter and Franz Tausch",NA,NA,NA,""
1781-03-27,"Bth",NA,"Concert, Madame Olivieri",NA,NA,NA,""
1781-03-29,"Bth",NA,"Concert, Madame Varenne",NA,NA,NA,""
1781-04-01,"Kth",NA,"Concert, Tonkünstler-Societät",NA,NA,NA,""
1781-04-03,"Kth",NA,"Concert, Tonkünstler-Societät",NA,NA,NA,""
1781-04-05,"Kth",NA,"Concert, Elisabeth Mara",NA,NA,NA,""
1781-04-16,"Bth","Court","Agnes Bernauerinn","Trauerspiel","Toerring",NA,""
1781-04-19,"Bth","Court","Die verfolgte Unbekannte","Singspiel","Petrosellini","Anfossi",""
1781-04-19,"Kth","French","L'Homme du jour","Comédie","Boissy",NA,""
1781-04-19,"Kth","French","Les Legs","Comédie","Marivaux",NA,""
1781-04-20,"Bth","unknown","Wissenschaft geht vor Schönheit","Lustspiel","Goldoni",NA,""
1781-04-21,"Bth","Court","Die Gefahren der Verführung","Schauspiel","Mercier",NA,""
1781-04-21,"Bth","Court","Adelaide, oder die Antipathie gegen die Liebe","Lustspiel","Du Doyer de Gastels",NA,""
1781-04-22,"Bth","Court","Die Gefahren der Verführung","Schauspiel","Mercier",NA,""
1781-04-22,"Kth","French","Les Deux Chasseurs et la Laitière","Comédie mêlée d'ariettes","Anseaume","Duni",""
1781-04-22,"Kth","French","L'Officier et le grand Baillif","Comédie","unknown",NA,""
1781-04-23,"Bth","Court","Die große Batterie","Lustspiel","Ayrenhoff",NA,""
1781-04-23,"Bth","Court","Andromeda und Perseus","Schauspiel","Kempelen","Zimmermann",""
1781-04-24,"Bth","Court","Die gegenseitige Probe","Lustspiel","Legrand",NA,""
1781-04-24,"Bth","Court","Der Hausfreund","Singspiel","Marmontel","Grétry",""
1781-04-24,"Kth","French","Les Trois Jumeaux vénetiens","Comédie","Colalto Mattiuzzi",NA,""
1781-04-24,"Kth","French","L'Amant, Auteur et Valet","Comédie","Cérou",NA,""
1781-04-25,"Bth","Court","Emilia Galotti","Trauerspiel","Lessing",NA,""
1781-04-25,"Kth","French","Les Folies amoureuses","Comédie","Regnard",NA,""
1781-04-25,"Kth","French","L'Homme noir, ou le Spleen","Comédie","Gernevalde",NA,""
1781-04-26,"Bth","Court","Jenny, oder die Uneigennützigkeit","Drame","Marsollier",NA,""
1781-04-26,"Bth","Court","Adrast und Isidore, oder die Nachtmusik","Singspiel","Bretzner","Miča",""
1781-04-27,"Bth","unknown","Die verstorbene Ehefrau","Lustspiel","Bretzner",NA,""
1781-04-27,"Kth",NA,"Concert, Johann Lausch",NA,NA,NA,""
1781-04-28,"Kth","Court","Die Schwäger","Trauerspiel","Eckardt",NA,""
1781-04-28,"Bth","Court","Adelaide, oder die Antipathie gegen die Liebe","Lustspiel","Du Doyer de Gastels",NA,""
1781-04-28,"Kth","French","Le Tableau parlant","Opéra comique","Anseaume","Grétry",""
1781-04-28,"Kth","French","Les Précieuses ridicules","Comédie","Molière","Monsigny",""
1781-04-28,"Kth","French","Pygmalion","Melodrama","Rousseau","Coignet",""
1781-04-29,"Bth","Court","Die Schwäger","Trauerspiel","Eckardt",NA,""
1781-04-29,"Bth","Court","Der dankbare Sohn","Lustspiel","Engel",NA,""
1781-04-29,"Kth","French","Monsieur de St. Charles","Comédie","Gernevalde",NA,""
1781-04-29,"Kth","French","La Servante maitresse","Opéra comique","Favart","unknown",""
1781-04-30,"Bth","Court","Der Rauchfangkehrer","Singspiel","Auenbrugger","Salieri",""
1781-05-01,"Bth","Court","Der sehende Blinde","Lustspiel","Legrand",NA,""
1781-05-01,"Bth","Court","Andromeda und Perseus","Schauspiel","Kempelen","Zimmermann",""
1781-05-01,"Kth","French","La Servante maitresse","Opéra comique","Favart","unknown",""
1781-05-01,"Kth","French","Monsieur de St. Charles","Comédie","Gernevalde",NA,""
1781-05-02,"Bth","Court","Der flatterhafte Ehemann","Lustspiel","Cibber",NA,""
1781-05-02,"Kth",NA,"Concert, Brigida Banti",NA,NA,NA,""
1781-05-03,"Bth","Court","Die abgenöthige Einwilligung","Lustspiel","Guyot de Merville",NA,""
1781-05-03,"Bth","Court","Der eifersüchtige Liebhaber","Singspiel","Hales","Grétry",""
1781-05-03,"Kth","French","L'École des femmes","Comédie","Molière",NA,""
1781-05-03,"Kth","French","Les Deux Chasseurs et la Laitière","Comédie mêlée d'ariettes","Anseaume","Duni",""
1781-05-04,"Bth","unknown","Die verstorbene Ehefrau","Lustspiel","Bretzner",NA,""
1781-05-05,"Bth","Court","Die Schwäger","Trauerspiel","Eckardt",NA,""
1781-05-05,"Bth","Court","Wer wird sie kriegen","Lustspiel","Eckardt",NA,""
1781-05-05,"Kth","French","Rose et Colas","Opéra comique","Sedaine","Monsigny",""
1781-05-05,"Kth","French","Democrite amoureux","Comédie","Regnard",NA,""
1781-05-06,"Bth","Court","Der Neugierige","Lustspiel","Stephanie d. J.",NA,""
1781-05-06,"Kth","French","Elle a raison","Comédie","unknown",NA,""
1781-05-06,"Kth","French","Monsieur de St. Charles","Comédie","Gernevalde",NA,""
1781-05-07,"Bth","Court","Der Schubkarren des Essighändlers","Lustspiel","Mercier",NA,""
1781-05-07,"Bth","Court","Ariadne auf Naxos","Duodrama","Brandes","Benda",""
1781-05-08,"Bth","Court","Der Rauchfangkehrer","Singspiel","Auenbrugger","Salieri",""
1781-05-08,"Kth","French","Le Père de famille","Comédie","Diderot",NA,""
1781-05-09,"Bth","Court","Wahrheit ist gut Ding","Lustspiel","Goldoni",NA,""
1781-05-09,"Kth",NA,"Concert, Brigida Banti",NA,NA,NA,""
1781-05-10,"Bth","Court","Der Rauchfangkehrer","Singspiel","Auenbrugger","Salieri",""
1781-05-10,"Kth","French","Le Sorcier","Opéra comique","Poinsinet","Philidor",""
1781-05-10,"Kth","French","Dupuis et Desronais","Comédie","Collé",NA,""
1781-05-11,"Bth","unknown","Der Zaubergürtel","Lustspiel","Rousseau",NA,""
1781-05-11,"Bth","unknown","Ariadne auf Naxos","Duodrama","Brandes","Benda",""
1781-05-12,"Bth","Court","Geschwind, eh es jemand erfährt","Lustspiel","Goldoni",NA,""
1781-05-12,"Bth","Court","Andromeda und Perseus","Schauspiel","Kempelen","Zimmermann",""
1781-05-12,"Kth","French","Le Maréchal ferrant","Opéra comique","Quétant","Philidor",""
1781-05-12,"Kth","French","Elle a raison","Comédie","unknown",NA,""
1781-05-13,"Bth","Court","Der Rauchfangkehrer","Singspiel","Auenbrugger","Salieri",""
1781-05-13,"Kth","French","L'Officieux","Comédie","Piédefer",NA,""
1781-05-13,"Kth","French","Nanette et Lucas","Opéra comique","Framery","d'Herbain",""
1781-05-14,"Bth","Court","Das Loch in der Thüre","Lustspiel","Stephanie d. J.",NA,""
1781-05-14,"Kth","French","Monsieur de St. Charles","Comédie","Gernevalde",NA,""
1781-05-14,"Kth","French","Silvain","Opéra comique","Marmontel","Grétry",""
1781-05-15,"Bth","Court","Der Oberamtmann und die Soldaten","Schauspiel","d'Herbois",NA,""
1781-05-16,"Bth","Court","Die Pilgrime von Mekka","Singspiel","Dancourt","Gluck",""
1781-05-16,"Kth","French","Turcaret","Comédie","Lesage",NA,""
1781-05-16,"Kth","French","Le Sorcier","Opéra comique","Poinsinet","Philidor",""
1781-05-17,"Bth","Court","Die Gefahren der Verführung","Schauspiel","Mercier",NA,""
1781-05-17,"Bth","Court","Wer wird sie kriegen","Lustspiel","Eckardt",NA,""
1781-05-17,"Kth","French","Le Cercle ou la Soirée à la mode","Comédie","Poinsinet",NA,""
1781-05-17,"Kth","French","Les Trois Frères rivaux","Comédie","La Font",NA,""
1781-05-17,"Kth","French","Les Deux Avares","Opéra comique","Falbaire de Quingey","Grétry",""
1781-05-18,"Bth","unknown","Die Brüder","Lustspiel","Romanus",NA,""
1781-05-18,"Kth",NA,"Concert, Monsieur Cervasi",NA,NA,NA,""
1781-05-19,"Bth","Court","Hamlet","Trauerspiel","Shakespeare",NA,""
1781-05-20,"Bth","Court","Der Bettelstudent","Lustspiel","Weidmann",NA,""
1781-05-20,"Bth","Court","Nacht und Ungefähr","Lustspiel","Capacelli",NA,""
1781-05-20,"Kth","French","Les Pêcheurs","Opéra comique","La Salle","Gossec",""
1781-05-20,"Kth","French","Les Fourberies de Scapin","Comédie","Molière",NA,""
1781-05-21,"Bth","Court","Henriette","Lustspiel","Großmann",NA,""
1781-05-22,"Bth","Court","Jenny, oder die Uneigennützigkeit","Drame","Marsollier",NA,""
1781-05-22,"Bth","Court","Die eingebildeten Philosophen","Singspiel","Bertati","Paisiello",""
1781-05-22,"Kth","French","L'Avocat Patelin","Comédie","Brueys",NA,""
1781-05-22,"Kth","French","Nanette et Lucas","Opéra comique","Framery","d'Herbain",""
1781-05-23,"Bth","Court","Athelstan","Trauerspiel","Brown",NA,""
1781-05-24,"Kth","French","Le Tartuffe","Comédie","Molière",NA,""
1781-05-24,"Kth","French","Le Tableau parlant","Opéra comique","Anseaume","Grétry",""
1781-05-24,"Bth","Court","Das Portrait","Lustspiel","Beauchamps",NA,""
1781-05-24,"Bth","Court","Die eingebildeten Philosophen","Singspiel","Bertati","Paisiello",""
1781-05-25,NA,NA,"Theaters closed",NA,NA,NA,""
1781-05-26,"Bth","Court","Der argwöhnische Ehemann","Lustspiel","Gotter",NA,""
1781-05-26,"Kth","French","Le Legataire universel","Comédie","Regnard",NA,""
1781-05-26,"Kth","French","Le Milicien","Comédie","Anseaume","Duni",""
1781-05-27,"Bth","Court","Der argwöhnische Ehemann","Lustspiel","Gotter",NA,""
1781-05-27,"Kth","French","Le Tartuffe","Comédie","Molière",NA,""
1781-05-27,"Kth","French","Rose et Colas","Opéra comique","Sedaine","Monsigny",""
1781-05-28,"Bth","Court","Die Widersprecherin","Lustspiel","Dufresny",NA,""
1781-05-28,"Bth","Court","Die eingebildeten Philosophen","Singspiel","Bertati","Paisiello",""
1781-05-29,"Bth","Court","Der Schmuck","Lustspiel","Sprickmann",NA,""
1781-05-29,"Kth","French","La Servante maitresse","Opéra comique","Favart","unknown",""
1781-05-29,"Kth","French","Monsieur de St. Charles","Comédie","Gernevalde",NA,""
1781-05-30,"Bth","Court","Die Trauer","Lustspiel","Hauteroche",NA,""
1781-05-30,"Bth","Court","Adrast und Isidore, oder die Nachtmusik","Singspiel","Bretzner","Miča",""
1781-05-31,"Bth","Court","Romeo und Julie","Trauerspiel","Shakespeare",NA,""
1781-05-31,"Kth","French","Le Tartuffe","Comédie","Molière",NA,""
1781-05-31,"Kth","French","La Servante maitresse","Opéra comique","Favart","unknown",""
1781-06-01,"Bth","unknown","Hanns bleibt Hanns, oder der Bauer, ein Fürst","Lustspiel","Schink",NA,""
1781-06-01,"Bth","unknown","Die Geschwisterliebe","Schauspiel","Weiße",NA,""
1781-06-02,"Bth","Court","Der Herr Gevatter","Lustspiel","Prévost",NA,""
1781-06-02,"Bth","Court","Die eingebildeten Philosophen","Singspiel","Bertati","Paisiello",""
1781-06-02,"Kth","French","Le Legataire universel","Comédie","Regnard",NA,""
1781-06-02,"Kth","French","Le Huron","Opéra comique","Marmontel","Grétry",""
1781-06-03,NA,NA,"Theaters closed for Pentecost (Pfingsten)",NA,NA,NA,""
1781-06-04,"Bth","Court","Der Rauchfangkehrer","Singspiel","Auenbrugger","Salieri",""
1781-06-04,"Kth","French","Le Huron","Opéra comique","Marmontel","Grétry",""
1781-06-04,"Kth","French","Le Page étourdi","Comédie","unknown",NA,""
1781-06-05,"Bth","Court","Eugenie, oder Die Tugend in Gefahr","Trauerspiel","Beaumarchais",NA,""
1781-06-05,"Bth","Court","Die Rechnung ohne den Wirth","Lustspiel","Schletter",NA,""
1781-06-06,"Bth","Court","Die Liebe unter den Handwerksleuten","Singspiel","Goldoni","Gassmann",""
1781-06-07,"Bth","Court","Die Nebenbuhler","Lustspiel","Sheridan",NA,""
1781-06-07,"Kth","French","Zémire et Azor","Opéra comique","Marmontel","Grétry",""
1781-06-08,NA,NA,"Theaters closed",NA,NA,NA,""
1781-06-09,"Bth","Court","Richard der Dritte","Trauerspiel","Weiße",NA,""
1781-06-09,"Kth","French","Jeannot et Colin","Comédie","Voltaire",NA,""
1781-06-09,"Kth","French","La Servante maitresse","Opéra comique","Favart","unknown",""
1781-06-10,"Bth","Court","Die Wölfe in der Heerde","Lustspiel","Stephanie d. J.",NA,""
1781-06-10,"Kth","French","Zémire et Azor","Opéra comique","Marmontel","Grétry",""
1781-06-11,"Bth","Court","Die Wirthschaftlerinn","Lustspiel","Stephanie d. J.",NA,""
1781-06-11,"Bth","Court","Die abgeredte Zauberey","Singspiel","Marmontel","Grétry",""
1781-06-11,"Kth","unknown","Concert, Floravante Agostinelli",NA,NA,NA,""
1781-06-12,"Bth","Court","Edwin und Emma","Schauspiel","Schraembl",NA,""
1781-06-12,"Kth","French","Le Sorcier","Opéra comique","Poinsinet","Philidor",""
1781-06-12,"Kth","French","Le Mari retrouvé","Comédie","Dancourt",NA,""
1781-06-13,"Bth","Court","Die verfolgte Unbekannte","Singspiel","Petrosellini","Anfossi",""
1781-06-14,NA,NA,"Theaters closed (Corpus Christi)",NA,NA,NA,""
1781-06-15,NA,NA,"Theaters closed",NA,NA,NA,""
1781-06-16,"Bth","Court","Die heimliche Heyrath","Lustspiel","Colman",NA,""
1781-06-16,"Kth","French","Adelaide, oder die Antipathie gegen die Liebe","Opéra comique","Marmontel","Grétry",""
1781-06-17,"Bth","Court","Die heimliche Heyrath","Lustspiel","Colman",NA,""
1781-06-17,"Kth","French","La Fausse Magie","Comédie mêlée d'ariettes","Marmontel","Grétry",""
1781-06-17,"Kth","French","La Fausse Suivante","Comédie","Marivaux",NA,""
1781-06-18,"Bth","Court","Die verfolgte Unbekannte","Singspiel","Petrosellini","Anfossi",""
1781-06-19,"Bth","Court","König Lear","Trauerspiel","Shakespeare",NA,""
1781-06-19,"Kth","French","L'Ami de la maison","Comédie mêlée d'ariettes","Marmontel","Grétry",""
1781-06-19,"Kth","French","Les Trois Frères rivaux","Comédie","La Font",NA,""
1781-06-20,"Bth","Court","Der Rauchfangkehrer","Singspiel","Auenbrugger","Salieri",""
1781-06-20,"Kth","French","La Servante maitresse","Opéra comique","Favart","unknown",""
1781-06-20,"Kth","French","L'Ami de la maison","Comédie mêlée d'ariettes","Marmontel","Grétry",""
1781-06-21,"Bth","Court","Der argwöhnische Ehemann","Lustspiel","Gotter",NA,""
1781-06-21,"Kth","French","Tom Jones","Opéra comique","Poinsinet","Philidor",""
1781-06-22,NA,NA,"Theaters closed",NA,NA,NA,""
1781-06-23,"Bth","Court","Das Findelkind","Lustspiel","Brühl",NA,""
1781-06-23,"Bth","Court","Yariko","Trauerspiel","Pelzel",NA,""
1781-06-23,"Kth","French","La Fausse Magie","Comédie mêlée d'ariettes","Marmontel","Grétry",""
1781-06-23,"Kth","French","La Pupille","Comédie","Fagan",NA,""
1781-06-24,"Bth","Court","Das Findelkind","Lustspiel","Brühl",NA,""
1781-06-24,"Bth","Court","Der Wittwer","Lustspiel","Carmontelle",NA,""
1781-06-24,"Kth","French","Le Déserteur","Drame mêlée de musique","Sedaine","Monsigny",""
1781-06-25,"Bth","Court","Nacht und Ungefähr","Lustspiel","Capacelli",NA,""
1781-06-25,"Bth","Court","Die eingebildeten Philosophen","Singspiel","Bertati","Paisiello",""
1781-06-26,"Bth","Court","Die heimliche Heyrath","Lustspiel","Colman",NA,""
1781-06-27,"Bth","Court","Die verfolgte Unbekannte","Singspiel","Petrosellini","Anfossi",""
1781-06-27,"Kth","Kinder","Zémire et Azor","Opéra comique","Marmontel","Grétry",""
1781-06-28,"Bth","Court","Richard der Dritte","Trauerspiel","Weiße",NA,""
1781-06-28,"Kth","French","Le Mazet","Opéra comique","Anseaume","Duni",""
1781-06-28,"Kth","French","Crispin médecin","Comédie","Hauteroche",NA,""
1781-06-29,NA,NA,"Theaters closed",NA,NA,NA,""
1781-06-30,"Bth","Court","Die Gefahren der Verführung","Schauspiel","Mercier",NA,""
1781-06-30,"Bth","Court","Der Dichterling","Lustspiel","Eberl",NA,""
1781-06-30,"Kth","French","Orphée et Euridice","Tragédie-opéra","Calzabigi","Gluck",""
1781-07-01,"Bth","Court","Der Dichterling","Lustspiel","Eberl",NA,""
1781-07-01,"Bth","Court","Der Faßbinder","Singspiel","Poinsinet","Philidor",""
1781-07-01,"Kth","French","Orphée et Euridice","Tragédie-opéra","Calzabigi","Gluck",""
1781-07-02,"Bth","Court","Juliane von Lindorak","Lustspiel","Gozzi",NA,""
1781-07-02,"Bth","Court","Die abgenöthige Einwilligung","Lustspiel","Guyot de Merville",NA,""
1781-07-02,"Kth","Preßburg","Das Gärtnermädchen von Fraskati","Singspiel","Livigni","Paisiello",""
1781-07-02,"Kth","Preßburg","Die Faßbinder","Ballet","unknown","unknown",""
1781-07-03,"Bth","Court","Die Ungetreuen","Lustspiel","Barthe",NA,""
1781-07-03,"Bth","Court","Die pücefarbnen Schuhe, oder Die schöne Schusterin","Singspiel","Stephanie d. J.","Umlauf",""
1781-07-03,"Kth","French","La Colonie","Opéra comique","unknown","Framery",""
1781-07-03,"Kth","French","Crispin, Rival de son maître","Comédie","Lesage",NA,""
1781-07-04,"Bth","Court","Der Graf von Walltron","Trauerspiel","Möller",NA,""
1781-07-04,NA,"Preßburg","Das Gärtnermädchen von Fraskati","Singspiel","Livigni","Paisiello",""
1781-07-04,"Kth","Preßburg","Bauern verstehn nicht Spaß","Ballet","unknown","unknown",""
1781-07-05,"Bth","Court","Die unversehene Wette","Lustspiel","Sedaine",NA,""
1781-07-05,"Bth","Court","Die eingebildeten Philosophen","Singspiel","Bertati","Paisiello",""
1781-07-05,"Kth","French","La Colonie","Opéra comique","unknown","Framery",""
1781-07-05,"Kth","French","Les Deux Avares","Opéra comique","Falbaire de Quingey","Grétry",""
1781-07-06,NA,NA,"Theaters closed",NA,NA,NA,""
1781-07-07,"Bth","Court","Der Dienstfertige","Lustspiel","La Salle",NA,""
1781-07-07,"Bth","Court","Der Dichterling","Lustspiel","Eberl",NA,""
1781-07-07,"Kth","French","Le Tout en peu","Comédie","unknown",NA,""
1781-07-07,"Kth","French","Les Menechmes, ou les Jumeaux","Comédie","Regnard",NA,""
1781-07-08,"Bth","Court","Der Sklavenhändler von Smyrna","Lustspiel","Chamfort",NA,""
1781-07-08,"Kth","Preßburg","Der Stolz des Grafen Barcelona","Singspiel","unknown","unknown",""
1781-07-08,"Kth","Preßburg","Die sieben Schwaben","Ballet","unknown","unknown",""
1781-07-09,"Bth","Court","Der Rauchfangkehrer","Singspiel","Auenbrugger","Salieri",""
1781-07-09,"Kth","French","Le Somnambule","Comédie","Ferriol de Pont-de-Veyle",NA,""
1781-07-09,"Kth","French","La Fausse Magie","Comédie mêlée d'ariettes","Marmontel","Grétry",""
1781-07-10,"Bth","Court","Der Barbier von Sevilien","Lustspiel","Beaumarchais",NA,""
1781-07-10,"Kth","Preßburg","Milton und Elmire","Singspiel","Reinwald","Michl",""
1781-07-10,"Kth","Preßburg","No title","Ballet","unknown","unknown",""
1781-07-11,"Bth","Court","Der Liebhaber als ein Schriftsteller und Bedienter","Lustspiel","Cérou",NA,""
1781-07-11,"Bth","Court","Die Wâschermädchen","Singspiel","Bock","Zanetti",""
1781-07-11,"Kth","French","Héraclite, ou le Triomphe de la Beauté","Comédie","Rauquil-Lieutaud",NA,""
1781-07-11,"Kth","French","Les Précieuses ridicules","Comédie","Molière","Monsigny",""
1781-07-12,"Bth","Court","Der gutherzige Murrkopf","Lustspiel","Goldoni",NA,""
1781-07-12,"Bth","Court","Andromeda und Perseus","Schauspiel","Kempelen","Zimmermann",""
1781-07-12,"Kth","Preßburg","Ariadne auf Naxos","Duodrama","Brandes","Benda",""
1781-07-12,"Kth","Preßburg","Inkle und Yariko","Trauerspiel","Pelzel",NA,""
1781-07-12,"Kth","Preßburg","No title","Ballet","unknown","unknown",""
1781-07-13,NA,NA,"Theaters closed",NA,NA,NA,""
1781-07-14,"Bth","Court","Der Dienstfertige","Lustspiel","La Salle",NA,""
1781-07-14,"Bth","Court","Der verlogene Bediente","Lustspiel","Garrick",NA,""
1781-07-14,"Kth","Preßburg","Der Jahrmarkt von Venedig","Singspiel","Boccherini","Salieri",""
1781-07-15,"Bth","Court","Der verlogene Bediente","Lustspiel","Garrick",NA,""
1781-07-15,"Bth","Court","Die Wâschermädchen","Singspiel","Bock","Zanetti",""
1781-07-15,"Kth","French","La Comédie à l'impromptu, ou les Dupes","Comédie","Dorvigny",NA,""
1781-07-15,"Kth","French","Le Tonnellier","Opéra comique","Audinot","Gossec",""
1781-07-15,"Kth","French","La Servante maitresse","Opéra comique","Favart","unknown",""
1781-07-16,"Bth","Court","Die heimliche Heyrath","Lustspiel","Colman",NA,""
1781-07-16,"Kth","French","Inkle und Yariko","Trauerspiel","Pelzel",NA,""
1781-07-16,"Kth","French","No title","Ballet","unknown","unknown",""
1781-07-16,"Kth","French","Springerkünde (tumblers)",NA,NA,NA,""
1781-07-17,"Bth","Court","Adelaide, oder die Antipathie gegen die Liebe","Lustspiel","Du Doyer de Gastels",NA,""
1781-07-17,"Bth","Court","Die pücefarbnen Schuhe, oder Die schöne Schusterin","Singspiel","Stephanie d. J.","Umlauf",""
1781-07-17,"Kth","French","Le Roi et le Fermier","Opéra comique","Sedaine","Monsigny",""
1781-07-17,"Kth","French","La Comédie à l'impromptu, ou les Dupes","Comédie","Dorvigny",NA,""
1781-07-18,"Bth","Court","Olivie","Trauerspiel","Brandes",NA,""
1781-07-18,"Bth","Court","Wer wird sie kriegen","Lustspiel","Eckardt",NA,""
1781-07-18,"Kth","Preßburg","Der Jahrmarkt von Venedig","Singspiel","Boccherini","Salieri",""
1781-07-19,"Bth","Court","Zemire und Azor","Opéra comique","Marmontel","Grétry",""
1781-07-20,NA,NA,"Theaters closed",NA,NA,NA,""
1781-07-21,"Bth","Court","Die dürftige Familie","Schauspiel","Mercier",NA,""
1781-07-21,"Bth","Court","Der Teufel steckt in ihm","Lustspiel","Colman",NA,""
1781-07-21,"Kth","French","La Belle Arsène","Comédie mêlée d'ariettes","Favart","Monsigny",""
1781-07-22,"Bth","Court","Der Kühehirt","Lustspiel","Weidmann",NA,""
1781-07-22,"Kth","Preßburg","Die zwey Gräfinnen","Singspiel","Petrosellini","Paisiello",""
1781-07-22,"Bth","Court","Die dürftige Familie","Schauspiel","Mercier",NA,""
1781-07-23,"Bth","Court","Der Todte ein Freyer","Lustspiel","Sedaine",NA,""
1781-07-23,"Bth","Court","Die abgeredte Zauberey","Singspiel","Marmontel","Grétry",""
1781-07-23,"Kth","French","Zémire et Azor","Opéra comique","Marmontel","Grétry",""
1781-07-24,"Bth","Court","Der Westindier","Lustspiel","Cumberland",NA,""
1781-07-25,"Bth","Court","Der Barbier von Sevilien","Lustspiel","Beaumarchais",NA,""
1781-07-25,"Kth","French","Monsieur de St. Charles","Comédie","Gernevalde",NA,""
1781-07-25,"Kth","French","L'Ami de la maison","Comédie mêlée d'ariettes","Marmontel","Grétry",""
1781-07-26,"Bth","Court","Die Pilgrime von Mekka","Singspiel","Dancourt","Gluck",""
1781-07-26,"Kth","French","Le Maréchal ferrant","Opéra comique","Quétant","Philidor",""
1781-07-26,"Kth","French","L'Ami de la maison","Comédie mêlée d'ariettes","Marmontel","Grétry",""
1781-07-27,NA,NA,"Theaters closed",NA,NA,NA,""
1781-07-28,"Bth","Court","Elfride","Trauerspiel","Mason",NA,""
1781-07-28,"Bth","Court","Die große Batterie","Lustspiel","Ayrenhoff",NA,""
1781-07-28,"Kth","French","La Rosière de Salency","Opéra comique","Favart","Philidor",""
1781-07-29,"Bth","Court","Betrug für Betrug","Lustspiel","Schletter",NA,""
1781-07-29,"Kth","French","La Belle Arsène","Comédie mêlée d'ariettes","Favart","Monsigny",""
1781-07-30,"Bth","Court","Die gegenseitige Probe","Lustspiel","Legrand",NA,""
1781-07-30,"Bth","Court","Der Hausfreund","Singspiel","Marmontel","Grétry",""
1781-07-30,"Kth","French","L'Amitié à l'epreuve","Comédie mêlée d'ariettes","Favart","Grétry",""
1781-07-30,"Kth","French","Les Folies amoureuses","Comédie","Regnard",NA,""
1781-07-31,NA,"Court","Erwine von Steinheim","Trauerspiel","Blumauer",NA,""
1781-08-01,"Bth","Court","Bekir und Gulroui","Lustspiel","Cardonne",NA,""
1781-08-01,"Bth","Court","Der Deserteur","Drame mêlée de musique","Sedaine","Monsigny",""
1781-08-01,"Kth","French","La Colonie","Opéra comique","unknown","Framery",""
1781-08-01,"Kth","French","La Pupille","Comédie","Fagan",NA,""
1781-08-02,"Bth","Court","Die dürftige Familie","Schauspiel","Mercier",NA,""
1781-08-02,"Kth","French","La Servante maitresse","Opéra comique","Favart","unknown",""
1781-08-02,"Kth","French","Le Mazet","Opéra comique","Anseaume","Duni",""
1781-08-03,NA,NA,"Theaters closed",NA,NA,NA,""
1781-08-04,"Bth","Court","Der dankbare Sohn","Lustspiel","Engel",NA,""
1781-08-04,"Bth","Court","Die eingebildeten Philosophen","Singspiel","Bertati","Paisiello",""
1781-08-04,"Kth","French","Ninette à la cour","Comédie mêlée d'ariettes","Favart","Ciampi",""
1781-08-04,"Kth","French","Les Trois Frères rivaux","Comédie","La Font",NA,""
1781-08-05,"Bth","Court","Das Landmädchen","Lustspiel","Wycherley",NA,""
1781-08-05,"Kth","French","La Bonne Fille","Opéra comique","unknown","unknown",""
1781-08-06,"Bth","Court","Wahrheit ist gut Ding","Lustspiel","Goldoni",NA,""
1781-08-06,"Kth","French","Democrite amoureux","Comédie","Regnard",NA,""
1781-08-06,"Kth","French","Le Tableau parlant","Opéra comique","Anseaume","Grétry",""
1781-08-07,"Bth","Court","Die Uebereilung","Lustspiel","Fagan",NA,""
1781-08-07,"Bth","Court","Die Sklavinn","Singspiel","unknown","Piccinni",""
1781-08-08,"Bth","Court","Zu gut ist nicht gut","Lustspiel","Goldsmith",NA,""
1781-08-08,"Kth","French","Le Tartuffe","Comédie","Molière",NA,""
1781-08-08,"Kth","French","La Bonne Fille","Opéra comique","unknown","unknown",""
1781-08-09,"Bth","Court","Die Trauer","Lustspiel","Hauteroche",NA,""
1781-08-09,"Bth","Court","Die Wâschermädchen","Singspiel","Bock","Zanetti",""
1781-08-09,"Kth","French","La Fausse Suivante","Comédie","Marivaux",NA,""
1781-08-09,"Kth","French","Silvain","Opéra comique","Marmontel","Grétry",""
1781-08-10,NA,NA,"Theaters closed",NA,NA,NA,""
1781-08-11,"Bth","Court","Gianetta Montaldi","Trauerspiel","Schink",NA,""
1781-08-11,"Kth","French","Le Marchand de Smyrne","Opéra comique","Chamfort","Just",""
1781-08-11,"Kth","French","La Fausse Magie","Comédie mêlée d'ariettes","Marmontel","Grétry",""
1781-08-12,"Bth","Court","Gianetta Montaldi","Trauerspiel","Schink",NA,""
1781-08-12,"Kth","French","La Servante maitresse","Opéra comique","Favart","unknown",""
1781-08-12,"Kth","French","La Sérénade","Opéra comique","unknown","unknown",""
1781-08-12,"Kth","French","La Comédie à l'impromptu, ou les Dupes","Comédie","Dorvigny",NA,""
1781-08-13,"Bth","Court","Der Bettler","Lustspiel","Goldoni",NA,""
1781-08-13,"Bth","Court","Was erhält die Männer treu?","Singspiel","Zehnmark","Ruprecht",""
1781-08-14,"Bth","Court","Die heimliche Heyrath","Lustspiel","Colman",NA,""
1781-08-14,"Kth","French","Le Procureur arbitre","Comédie","Poisson",NA,""
1781-08-14,"Kth","French","L'Amoreux de quinze ans","Comédie mêlée d'ariettes","Laujon","Martini",""
1781-08-15,"Bth","Court","Der Dichterling","Lustspiel","Eberl",NA,""
1781-08-15,"Bth","Court","Die eingebildeten Philosophen","Singspiel","Bertati","Paisiello",""
1781-08-15,"Kth","French","Zémire et Azor","Opéra comique","Marmontel","Grétry",""
1781-08-16,"Bth","Court","Die dürftige Familie","Schauspiel","Mercier",NA,""
1781-08-16,"Bth","Court","Der verlogene Bediente","Lustspiel","Garrick",NA,""
1781-08-16,"Kth","French","La Rosière de Salency","Opéra comique","Favart","Philidor",""
1781-08-17,NA,NA,"Theaters closed",NA,NA,NA,""
1781-08-18,NA,NA,"Theaters closed (anniversary of death of Francis Stephen)",NA,NA,NA,""
1781-08-19,"Bth","Court","Zémire et Azor","Opéra comique","Marmontel","Grétry",""
1781-08-19,"Kth","French","Les Battus paient l'amende","Comédie","unknown","unknown",""
1781-08-19,"Kth","French","Rose et Colas","Opéra comique","Sedaine","Monsigny",""
1781-08-19,"Kth","French","La Servante maitresse","Opéra comique","Favart","unknown",""
1781-08-20,"Bth","Court","Der argwöhnische Ehemann","Lustspiel","Gotter",NA,""
1781-08-21,"Bth","Court","Romeo und Julie","Trauerspiel","Shakespeare",NA,""
1781-08-21,"Kth","French","La Bonne Fille","Opéra comique","unknown","unknown",""
1781-08-21,"Kth","French","Les Battus paient l'amende","Comédie","unknown","unknown",""
1781-08-22,"Bth","Court","Der Rauchfangkehrer","Singspiel","Auenbrugger","Salieri",""
1781-08-23,"Bth","Court","Der Barbier von Sevilien","Lustspiel","Beaumarchais",NA,""
1781-08-23,"Kth","French","Le Mari retrouvé","Comédie","Dancourt",NA,""
1781-08-23,"Kth","French","Silvain","Opéra comique","Marmontel","Grétry",""
1781-08-24,NA,NA,"Theaters closed",NA,NA,NA,""
1781-08-25,"Bth","Court","Der Dienstfertige","Lustspiel","La Salle",NA,""
1781-08-25,"Bth","Court","Die Eroberung von Saint-Lucie","Lustspiel","Müller von Friedberg",NA,""
1781-08-25,"Kth","French","Les Pèlerins de la Mecque","Singspiel","Dancourt","Gluck",""
1781-08-26,"Bth","Court","Die Wildschützen","Lustspiel","Stephanie d. J.","unknown",""
1781-08-26,"Kth","French","Les Pèlerins de la Mecque","Singspiel","Dancourt","Gluck",""
1781-08-27,"Bth","Court","Die Pilgrime von Mekka","Singspiel","Dancourt","Gluck",""
1781-08-28,"Bth","Court","Der Schubkarren des Essighändlers","Lustspiel","Mercier",NA,""
1781-08-28,"Bth","Court","Die Wirthschaftlerinn","Lustspiel","Stephanie d. J.",NA,""
1781-08-28,"Kth","French","L'Amoreux de quinze ans","Comédie mêlée d'ariettes","Laujon","Martini",""
1781-08-28,"Kth","French","Pygmalion","Melodrama","Rousseau","Coignet",""
1781-08-29,"Bth","Court","Die Eroberung von Saint-Lucie","Lustspiel","Müller von Friedberg",NA,""
1781-08-29,"Bth","Court","Die eingebildeten Philosophen","Singspiel","Bertati","Paisiello",""
1781-08-30,"Bth","Court","Gianetta Montaldi","Trauerspiel","Schink",NA,""
1781-08-30,"Kth","French","La Colonie","Opéra comique","unknown","Framery",""
1781-08-30,"Kth","French","Les Deux Chasseurs et la Laitière","Comédie mêlée d'ariettes","Anseaume","Duni",""
1781-08-31,"Bth","unknown","Adelheit von Veltheim","Singspiel","Großmann","Sardi",""
1781-09-01,"Bth","Court","Jenny, oder die Uneigennützigkeit","Drame","Marsollier",NA,""
1781-09-01,"Bth","Court","Die unvermutheten Zufälle","Singspiel","Hales","Grétry",""
1781-09-01,"Kth","French","La Fée Urgèle","Comédie mêlée d'ariettes","Favart","Duni",""
1781-09-02,"Bth","Court","Der Kobold","Lustspiel","Gotter",NA,""
1781-09-02,"Kth","French","Les Pèlerins de la Mecque","Singspiel","Dancourt","Gluck",""
1781-09-03,"Bth","Court","Die Rechnung ohne den Wirth","Lustspiel","Schletter",NA,""
1781-09-03,"Bth","Court","Die unvermutheten Zufälle","Singspiel","Hales","Grétry",""
1781-09-04,"Bth","Court","Athelstan","Trauerspiel","Brown",NA,""
1781-09-04,"Kth","French","La Servante maitresse","Opéra comique","Favart","unknown",""
1781-09-04,"Kth","French","Dupuis et Desronais","Comédie","Collé",NA,""
1781-09-05,"Bth","Court","Der Rauchfangkehrer","Singspiel","Auenbrugger","Salieri",""
1781-09-06,"Bth","Court","Die gute Tochter","Lustspiel","Schröder",NA,""
1781-09-07,"Bth","unknown","Adelheit von Veltheim","Singspiel","Großmann","Sardi",""
1781-09-08,NA,NA,"Theaters closed for Mariä Geburt (Nativity of Mary)",NA,NA,NA,""
1781-09-09,"Bth","Court","Die Ungetreuen","Lustspiel","Barthe",NA,""
1781-09-09,"Bth","Court","Die unvermutheten Zufälle","Singspiel","Hales","Grétry",""
1781-09-09,"Kth","French","Le Déserteur","Drame mêlée de musique","Sedaine","Monsigny",""
1781-09-10,"Bth","Court","Richard der Dritte","Trauerspiel","Weiße",NA,""
1781-09-11,"Bth","Court","Das Lustlager","Schauspiel","Babo",NA,""
1781-09-11,"Bth","Court","Die pücefarbnen Schuhe, oder Die schöne Schusterin","Singspiel","Stephanie d. J.","Umlauf",""
1781-09-11,"Kth","French","Le Tonnellier","Opéra comique","Audinot","Gossec",""
1781-09-11,"Kth","French","Le Magnifique","Comédie","Sedaine","Grétry",""
1781-09-12,"Bth","Court","Der Graf von Olsbach","Lustspiel","Brandes",NA,""
1781-09-13,"Bth","Court","Die Verlobung","Lustspiel","Brömel",NA,""
1781-09-13,"Kth","Court","Der Hausfreund","Singspiel","Marmontel","Grétry",""
1781-09-14,"Kth","unknown","Die Schwiegermutter","Lustspiel","Romanus",NA,""
1781-09-14,"Bth","Kinder","Der Aepfeldieb","Singspiel","Bretzner","Jast",""
1781-09-15,"Bth","Court","Das öffentliche Geheimniß","Lustspiel","Gotter",NA,""
1781-09-15,"Kth","French","L'Amant jaloux, ou les Fausses Apparences","Comédie mêlée d'ariettes","Hales","Grétry",""
