id,title,sort_title,genre,notes,url,author,composer
106,Die abgenöthige Einwilligung,abgenöthige Einwilligung,Lustspiel,Adapted from Le Consentement forcé,NA,"Gebler, Tobias Philipp von",NA
154,Die abgeredte Zauberey,abgeredte Zauberey,Singspiel,NA,NA,"Marmontel, Jean-Françoise","Grétry, André Ernest Modeste"
81,"Adelaide, oder die Antipathie gegen die Liebe","Adelaide, oder die Antipathie gegen die Liebe",Lustspiel,Adapted from Du Doyer's Adélaïde ou l'Antipathie contre l'amour (1780),NA,"Du Doyer de Gastels, Gérard",NA
47,Adelheid von Ponthieu,Adelheid von Ponthieu,Ballet,"Noverre and Starzer's ballet d'action in 5 acts Adèle de Ponthieu was first performed in the Burgtheater in 1773. The ballet performed in 1781 might have been the ""imitation"" by ""Herr Vogt"" (either Peter or his brother Elias) that was in the repertory of the Böhm company from at least 1779; see https://sites.google.com/site/mozartdocuments/documents/1780-05-01.",https://books.google.com/books?id=vfx2FF8fNggC&pg=PA1#v=onepage&q&f=false,"Noverre, Jean-Georges","Starzer, Joseph"
211,Adelheit von Veltheim,Adelheit von Veltheim,Singspiel,"The composer attribution is from the title page of the Viennese libretto; it is not Neefe's setting. The music for Sardi's version is unknown. ""Aufgefüht im k. k. Nationaltheater von der in / der Schauspielkunst sich übenden Jugend.""",https://books.google.com/books?id=RTJJAAAAcAAJ&pg=PA1#v=onepage&q&f=false,"Großmann, Gustav Friedrich Wilhelm","Sardi, Joseph"
94,"Adrast und Isidore, oder die Nachtmusik","Adrast und Isidore, oder die Nachtmusik",Singspiel,Performed only twice,NA,"Bretzner, Christoph Friedrich","Miča, František Adam"
220,Der Aepfeldieb,Aepfeldieb,Singspiel,"""Herr Jast"" is the attribution on the libretto. Perhaps Just?",https://books.google.com/books?id=ZyVxt0M0kjAC&pg=PA1#v=onepage&q&f=false,"Bretzner, Christoph Friedrich","Jast, Herr"
56,Agamemnon,Agamemnon,Ballet,"Noverre's Agamemnon vengé was first performed in Vienna in 1772 with music by Franz Aspelmayr. The ballet performed in 1781 was probably Decamp's ""Wiederhestellung"" of Noverre's scenario, Der gerächte Agamemnon (Vienna 1780).",https://books.google.com/books?id=0ZdDAAAAcAAJ&pg=PA1#v=onepage&q&f=false,Decamp,unknown
75,Agnes Bernauerinn,Agnes Bernauerinn,Trauerspiel,NA,NA,"Toerring, Joseph August Graf von",NA
261,Alceste,Alceste,Tragedia per musica,NA,NA,"Calzabigi, Ranieri de'","Gluck, Christoph Willibald"
20,"Aline, reine de Golconde","Aline, reine de Golconde",Opéra-ballet,"Viennese libretto, 1780: ""Representé pour la premiere fois à Vienne, pour le / Benefice de M. DUPONT."" Monsigny and Sedaine's opéra-ballet Aline, reine da Golconde was first performed in Paris on 12 Apr 1766 with choreography by Jean-Barthèlemy Lany.",http://data.onb.ac.at/rep/10652DFA,"Sedaine, Michel-Jean","Monsigny, Pierre-Alexandre"
13,"L'Amant jaloux, ou les Fausses Apparences","Amant jaloux, ou les Fausses Apparences",Comédie mêlée d'ariettes,"L'Amant jaloux, with music by Grétry, a book by Thomas Hales, and verse sections by F. Levasseur, was first performed at Versailles on 20 Nov 1778.",https://books.google.com/books?id=6SM_AAAAcAAJ&pg=PA1#v=onepage&q&f=false,"Hales, Thomas","Grétry, André Ernest Modeste"
89,"L'Amant, Auteur et Valet","Amant, Auteur et Valet",Comédie,"Cérou's L'Amant, Auteur et Valet was first performed in Paris by the Comédiens italiens on 8 Feb 1740.",https://books.google.com/books?id=IZoTAAAAQAAJ&pg=PA1#v=onepage&q&f=false,"Cérou, Pierre",NA
37,L'Ami de la maison,Ami de la maison,Comédie mêlée d'ariettes,L'Ami de la maison was first performed at Fontainebleau on 26 Oct 1771.,https://books.google.com/books?id=ZWtXAAAAcAAJ&newbks=1&pg=PP5#v=onepage&q&f=false,"Marmontel, Jean-Françoise","Grétry, André Ernest Modeste"
200,L'Amitié à l'epreuve,Amitié à l'epreuve,Comédie mêlée d'ariettes,First performed at Fontainebleau on 13 Nov 1770.,https://books.google.com/books?id=sAP4qF503b4C&pg=PA1#v=onepage&q&f=false,"Favart, Charles-Simon","Grétry, André Ernest Modeste"
49,L'Amoreux de quinze ans,Amoreux de quinze ans,Comédie mêlée d'ariettes,First performed by the Comédiens italiens in Paris on 18 Apr 1771.,https://books.google.com/books?id=Di5MAAAAcAAJ&pg=PA1#v=onepage&q&f=false,"Laujon, Pierre","Martini, Jean-Paul-Égide"
85,Andromeda und Perseus,Andromeda und Perseus,Schauspiel,"""Ein Schauspiel mit Musik""",https://books.google.com/books?id=YOMv9925cmcC&\pg=PA1#v=onepage&q&f=false,"Kempelen, Wolfgang von","Zimmermann, Anton"
138,Der argwöhnische Ehemann,argwöhnische Ehemann,Lustspiel,NA,NA,"Gotter, Friedrich Wilhelm",NA
66,Ariadne auf Naxos,Ariadne auf Naxos,Duodrama,"Brandes and Benda's Ariadne auf Naxos was first performed in Gotha on 27 Jan 1775. The first performance by the court theater in Vienna took place on 4 Jan 1780.The performance iin the Burgtheater on Fri, 11 May 1781 may have been a benefit. It is not listed in Hadamowsky.",NA,"Brandes, Johann Christian","Benda, Georg"
253,Der Arrestant,Arrestant,Lustspiel,The attribution to Franke is from Hadamowsky.,https://books.google.com/books?id=ttR8QPDlOsgC&pg=PA1#v=onepage&q&f=false,"Carmontelle, Louis Carrogis de",NA
136,Athelstan,Athelstan,Trauerspiel,First performed in 1756. Translator/adapter unknown,https://books.google.com/books?id=BB5ejTjxeEEC&newbks=1&pg=PA1#v=onepage&q&f=false,"Brown, John",NA
135,L'Avocat Patelin,Avocat Patelin,Comédie,First performed by the Comédiens françois in Paris on 4 Jun 1706.,https://books.google.com/books?id=IiQ_AAAAcAAJ&pg=PA1#v=onepage&q&f=false,"Brueys, David Augustin de",NA
32,Le Barbier de Séville,Barbier de Séville,Comédie,Le Barbier de Séville was first performed by the Comédie Française in Paris on 23 Feb 1775.,https://books.google.com/books?id=eI0HAAAAQAAJ&pg=PA1#v=onepage&q&f=false,"Beaumarchais, Pierre-Augustin Caron de",NA
15,Der Barbier von Sevilien,Barbier von Sevilien,Lustspiel,NA,NA,"Beaumarchais, Pierre-Augustin Caron de",NA
209,Les Battus paient l'amende,Battus paient l'amende,Comédie,"Two works with this subtitle on CÉSAR: Le Poulet ou les Battu paient l'amende (Carrogis, 1768); Janot, ou les Battus paient l'amende (Archambault, 1779). Schletter's ""patient"" is evidently an error.",https://books.google.com/books?id=Fl1oAAAAcAAJ&pg=PA1#v=onepage&q&f=false,unknown,unknown
174,Bauern verstehn nicht Spaß,Bauern verstehn nicht Spaß,Ballet,This ballet remains unidentified.,NA,unknown,unknown
42,Bekir und Gulroui,Bekir und Gulroui,Lustspiel,NA,NA,"Cardonne, Denis Dominique",NA
8,La Belle Arsène,Belle Arsène,Comédie mêlée d'ariettes,La Belle Arsène was first performed at Fontainebleau on 6 Nov 1773.,https://books.google.com/books?id=1ij5NkwMdqoC&pg=PA1#v=onepage&q&f=false,"Favart, Charles-Simon","Monsigny, Pierre-Alexandre"
33,La Belle Cordonniere,Belle Cordonniere,Opéra comique,"This may be Les souliers mors-dorés, ou La cordonniere allemande (1776). The Schatz record gives the composer as Alessandro Mario Antonio Fridzeri (1741–1825).",https://www.loc.gov/item/2010664134/,unknown,unknown
19,Betrug für Betrug,Betrug für Betrug,Lustspiel,Burgtheater premiere on 30 Sep 1780,NA,"Schletter, Salomon Friedrich",NA
12,Der Bettelstudent,Bettelstudent,Lustspiel,Did the version performed in 1781 already have the music by Peter von Winter?,NA,"Weidmann, Paul",NA
21,Der Bettler,Bettler,Lustspiel,NA,NA,"Bock, Johann Christian",NA
53,La Bonne Fille,Bonne Fille,Opéra comique,"This might be the work by Duni (1762), derived from Goldoni/Richardson, but the French version of Piccinni's opera cannot be ruled out.",NA,unknown,unknown
127,Die Brüder,Brüder,Lustspiel,NA,NA,"Romanus, Karl Franz",NA
234,"Le Bûcheron, ou les Trois souhaits","Bûcheron, ou les Trois souhaits",Comédie mêlée d'ariettes,First performed in Paris on 28 Feb 1763. Date on Viennese libretto at link is 1768.,https://books.google.com/books?id=AJH7srfnUfEC&pg=PA1#v=onepage&q&f=false,"Guichard, Jean-François","Philidor, François-André Danican"
124,"Le Cercle, ou la Soirée à la mode","Cercle, ou la Soirée à la mode",Comédie,The Viennese playbook linked below is dated 1768.,https://books.google.com/books?id=jjVovZ0CfTEC&pg=PA1#v=onepage&q&f=false,"Poinsinet, Antoine-Alexandre-Henri",NA
227,La Clochette,Clochette,Comédie mêlée d'ariettes,First performed in Paris on 14 Jul 1766.,https://books.google.com/books?id=42xXAAAAcAAJ&newbks=1&pg=PA1#v=onepage&q&f=false,"Anseaume, Louis","Duni, Egidio"
172,La Colonie,Colonie,Opéra comique,"A parody of Saccini's L'isola d'amore, using a pastiche of music from Sacchini's operas. First performed in Paris on 16 Aug 1775.",https://digital.library.unt.edu/ark:/67531/metadc41/https://books.google.com/books?id=aSSnQwlF0XAC&pg=PA1#v=onepage&q&f=false,unknown,"Framery, Nicolas-Étienne"
191,"La Comédie à l'impromptu, ou les Dupes","Comédie à l'impromptu, ou les Dupes",Comédie,"Attribution to Dorvigny is on the title page. First performed by the Comédiens Italiens in Paris on 5 Sep 1780.Apparently the same work as Le mariage par comédie, ou les dupes, dated to 1789 in the works list on fr.wikipedia.",https://books.google.com/books?id=7V1oAAAAcAAJ&pg=PA1#v=onepage&q&f=false,"Dorvigny, Louis-François Archambault, dit",NA
166,Crispin médecin,Crispin médecin,Comédie,Written in 1670. The Viennese libretto at the link is dated 1772.,https://books.google.com/books?id=KZdLAAAAcAAJ&pg=PA1#v=onepage&q&f=false,"Hauteroche, Noël Lebreton de",NA
173,"Crispin, Rival de son maître","Crispin, Rival de son maître",Comédie,First dated performance Paris 15 Mar 1705 (CÉSAR).,https://books.google.com/books?id=n0MGAAAAQAAJ&pg=PA1#v=onepage&q&f=false,"Lesage, Alain-René",NA
100,Der dankbare Sohn,dankbare Sohn,Lustspiel,NA,NA,"Engel, Johann Jakob",NA
109,Democrite amoureux,Democrite amoureux,Comédie,First performed in Paris on 12 Jan 1700.,https://books.google.com/books?id=55IrAyA0TksC&pg=PA1#v=onepage&q&f=false,"Regnard, Jean-François",NA
58,Le Déserteur,Déserteur,Drame mêlé de musique,First performed by the Comédiens Italiens in Paris on 6 Mar 1769. The performance by the court theater in Vienna on 1 Aug 1781 was in German as a singspiel.,https://books.google.com/books?id=AxU6AAAAcAAJ&pg=PR1#v=onepage&q&f=false,"Sedaine, Michel-Jean","Monsigny, Pierre-Alexandre"
244,Der Deserteur aus Kindesliebe,Deserteur aus Kindesliebe,Lustspiel,Earliest performance in Hadamowsky is 31 Jul 1773.,NA,"Stephanie d. J., Johann Gottlieb",NA
126,Les Deux Avares,Deux Avares,Opéra comique,First performed at Fontainebleau on 27 Oct 1770.,https://books.google.com/books?id=AiQ_AAAAcAAJ&pg=PA1#v=onepage&q&f=false,"Falbaire de Quingey, Charles-Georges Fenouillot de","Grétry, André Ernest Modeste"
255,Les Deux Billets,Deux Billets,Comédie,First performed in Paris on 9 Feb 1779.,https://books.google.com/books?id=SphRAAAAcAAJ&pg=PA1#v=onepage&q&f=false,"Florian, Jean-Pierre Claris de",NA
83,Les Deux Chasseurs et la Laitière,Deux Chasseurs et la Laitière,Comédie mêlée d'ariettes,First performed in Paris on 23 Jul 1763. The date on the Viennese libretto at the link is 1764.,https://books.google.com/books?id=TjZMAAAAcAAJ&pg=PA1#v=onepage&q&f=false,"Anseaume, Louis","Duni, Egidio"
167,Der Dichterling,Dichterling,Lustspiel,NA,NA,"Eberl, Ferdinand",NA
176,Der Dienstfertige,Dienstfertige,Lustspiel,Author attribution from Hadamowsky. Possibly after L'Officieux (1780)?The German version is attributed to Schletter in the catalogue of the ÖNB. Schletter's calendar attributes it to Wieland. Der Dienstfertige is not listed among Wieland's works on de.wikipedia.,http://data.onb.ac.at/rep/105B7641https://books.google.com/books?id=dCy9g7qFyTsC&pg=PA1#v=onepage&q&f=false,"La Salle, Adrien-Nicolas Piédefer, marquis de",NA
265,Divertissement,Divertissement,Ballet,This divertissement is not in Hadamowsky.,NA,unknown,unknown
71,Don Japhet d'Armenie,Don Japhet d'Armenie,Comédie,First performed in 1651 or 1652; first published in 1653.,https://books.google.com/books?id=uehlAAAAcAAJ&pg=PP5#v=onepage&q&f=false,"Scarron, Paul",NA
16,Die donnernde Legion,donnernde Legion,Oratorio,NA,https://books.google.com/books?id=Db5LO98cDs0C&pg=PA1#v=onepage&q&f=false,"Weidmann, Paul","Bartha, Joseph"
259,Der Dorfjahrmarkt in Elsaß,Dorfjahrmarkt in Elsaß,Ballet,NA,NA,"Crux, Peter",unknown
62,La Double Frayeur,Double Frayeur,Comédie,"Apart from Schletter, this title appears only in Schink 1782. Two titles with ""frayeur"" in the title appear on CÉSAR: Les Frayeurs d'Arlequin (no date) and Les Frayeurs de Crispin (1682).",NA,unknown,NA
115,Dupuis et Desronais,Dupuis et Desronais,Comédie,"According to CÉSAR, first performed in Paris in 1759.",https://books.google.com/books?id=xKsixR1hRC0C&pg=PA1#v=onepage&q&f=false,"Collé, Charles",NA
195,Die dürftige Familie,dürftige Familie,Schauspiel,NA,NA,"Mercier, Louis-Sébastien",NA
107,L'École des femmes,École des femmes,Comédie,First performed in 1662. The Viennese playbook at the link is dated 1752.,https://books.google.com/books?id=SLhLAAAAcAAJ&pg=PA1#v=onepage&q&f=false,"Molière, Jean-Baptiste Poquelin, dit",NA
22,Edelmuth in Niedrigkeit,Edelmuth in Niedrigkeit,Lustspiel,The playbook at the link (ÖNB) was published in Leipzig in 1777.,https://books.google.com/books?id=RcJTAAAAcAAJ&pg=PA1#v=onepage&q&f=false,"Weiße, Christian Felix",NA
155,Edwin und Emma,Edwin und Emma,Schauspiel,Schraembl is principally known as a cartographer.,NA,"Schraembl, Franz Anton",NA
44,Der eifersüchtige Liebhaber,eifersüchtige Liebhaber,Singspiel,"German adaptation of L'amant jalous, ou Les fausses apparences",NA,"Hales, Thomas","Grétry, André Ernest Modeste"
133,Die eingebildeten Philosophen,eingebildeten Philosophen,Singspiel,German version of I filosofi immaginari (1779),NA,"Bertati, Giovanni","Paisiello, Giovanni"
199,Elfride,Elfride,Trauerspiel,From Mason's Elfrida (1752).,NA,"Bertuch, Friedrich Justin",NA
111,Elle a raison,Elle a raison,Comédie,"Full title in Schletter: Elle a Raison, ou la Femme, comme il n'y en a guverres. No Google hit on this title except in Bender, apparently derived from Schletter. This title seems not to be in Schink's list. ""guverre"" seems not to be a French word. It should probably be ""la Femme, comme il n'y en a guères"", but no hits on this as the title of a comedy. There is no match for this title on CÉSAR.There is a story by d'Abancourt (pub. 1778) ""Le Phénix, ou la Femme comme il n'y en a guères."" Cf. also Voltaire's La Femme qui a Raison (pub. 1759)?",NA,unknown,NA
90,Emilia Galotti,Emilia Galotti,Trauerspiel,NA,NA,"Lessing, Gotthold Ephraim",NA
240,L'Epoux par supercherie,Epoux par supercherie,Comédie,First performed in Paris on 9 Mar 1744.,NA,"Boissy, Louis de",NA
210,Die Eroberung von Saint-Lucie,Eroberung von Saint-Lucie,Lustspiel,"Adapted from Müller von Friedberg, La Prise de Sainte-Lucie. Performed only three times.",https://books.google.com/books?id=4M5UAAAAcAAJ&pg=PA1#v=onepage&q&f=false,"Müller von Friedberg, Carl Joseph",NA
225,"L'Erreur d'un moment, ou la Suite de Julie","Erreur d'un moment, ou la Suite de Julie",Comédie mêlée d'ariettes,First performed in Paris on 14 Jun 1773.,https://books.google.com/books?id=08doAAAAcAAJ&pg=PA1#v=onepage&q&f=false,"Monvel, Jacques-Marie Boutet de","Dezède, Nicolas-Alexandre"
40,Erwine von Steinheim,Erwine von Steinheim,Trauerspiel,NA,NA,"Blumauer, Aloys",NA
148,"Eugenie, oder Die Tugend in Gefahr","Eugenie, oder Die Tugend in Gefahr",Trauerspiel,From Beaumarchais's Eugénie (1767),NA,"Beaumarchais, Pierre-Augustin Caron de",NA
242,Les Evénements imprévus,Evénements imprévus,Comédie mêlée d'ariettes,First performed at Versailles on 11 Nov 1779.,https://books.google.com/books?id=A_xDAAAAYAAJ&newbks=1&pg=PP7#v=onepage&q&f=false,"Hales, Thomas","Grétry, André Ernest Modeste"
238,Die Familie,Familie,Schauspiel,Roles of Gemmingen and Schröder?,NA,"Schröder, Friedrich Ludwig",NA
73,Der Faßbinder,Faßbinder,Singspiel,NA,NA,"Poinsinet, Antoine-Alexandre-Henri","Philidor, François-André Danican"
170,Die Faßbinder,Faßbinder,Ballet,"There is a reference to a one-act ballet Die Faßbinder in Westenrieder's Jahrbuch der Menschengeschichte in Bayrern (1782), in a list of ""Ballete von Hrn. Hornung, der im April 1780 von Regensburg abging"", here:https://books.google.com/books?id=p9ZSzsm9QAoC&pg=PA238#v=onepage&q&f=false",NA,unknown,unknown
41,La Fausse Magie,Fausse Magie,Comédie mêlée d'ariettes,First performed in Paris on 1 Feb 1775.,https://books.google.com/books?id=EI87AAAAcAAJ&pg=PA1#v=onepage&q&f=false,"Marmontel, Jean-Françoise","Grétry, André Ernest Modeste"
158,La Fausse Suivante,Fausse Suivante,Comédie,First performed in Paris on 8 Jul 1724.,https://books.google.com/books?id=AsGZFur4MScC&pg=PA1#v=onepage&q&f=false,Marivaux,NA
213,La Fée Urgèle,Fée Urgèle,Comédie mêlée d'ariettes,First performed at Fontainebleau on 26 Oct 1765.,https://books.google.com/books?id=gdA5AAAAcAAJ&pg=PA1#v=onepage&q&f=false,"Favart, Charles-Simon","Duni, Egidio"
6,Die Feldmühle,Feldmühle,Lustspiel,NA,NA,"Richter, Joseph",NA
267,La Fenisse,Fenisse,Opéra comique,No work with this title on CÉSAR.,NA,unknown,unknown
161,Das Findelkind,Findelkind,Lustspiel,NA,NA,"Brühl, Alois Friedrich, Count von",NA
105,Der flatterhafte Ehemann,flatterhafte Ehemann,Lustspiel,Adapted from Cibber's The Careless Husband,NA,"Bock, Johann Christian",NA
91,Les Folies amoureuses,Folies amoureuses,Comédie,First dated perfomance in Paris on 15 Jan 1704.,https://books.google.com/books?id=PCJ6vxKlgUAC&pg=PP5#v=onepage&q&f=false,"Regnard, Jean-François",NA
131,Les Fourberies de Scapin,Fourberies de Scapin,Comédie,First performed in Paris on 24 May 1671.,https://books.google.com/books?id=kU6P-a5NckAC&pg=PA5#v=onepage&q&f=false,"Molière, Jean-Baptiste Poquelin, dit",NA
54,Le François à Londres,François à Londres,Comédie,First performed in Paris on 3 Jul 1727.,https://books.google.com/books?id=JYlZAAAAcAAJ&pg=PP9#v=onepage&q&f=false,"Boissy, Louis de",NA
7,Die Freundschaft auf der Probe,Freundschaft auf der Probe,Singspiel,NA,NA,"Marmontel, Jean-Françoise","Grétry, André Ernest Modeste"
239,Der Furchtsame,Furchtsame,Lustspiel,NA,NA,"Hafner, Philipp",NA
169,Das Gärtnermädchen von Fraskati,Gärtnermädchen von Fraskati,Singspiel,Adapted from La frascatana.,NA,"Livigni, Filippo","Paisiello, Giovanni"
80,Die Gefahren der Verführung,Gefahren der Verführung,Schauspiel,"Free adaptation of Mercier's Jenneval, ou le Barnevelt français (1769)",NA,"Mercier, Louis-Sébastien",NA
86,Die gegenseitige Probe,gegenseitige Probe,Lustspiel,Adapted from L'eprouve reciproque.,NA,"Legrand, Marc-Antoine",NA
117,"Geschwind, eh es jemand erfährt","Geschwind, eh es jemand erfährt",Lustspiel,NA,NA,"Bock, Johann Christian",NA
10,Die Geschwisterliebe,Geschwisterliebe,Schauspiel,NA,https://books.google.com/books?id=SmxVAAAAcAAJ&pg=PA1#v=onepage&q&f=false,"Weiße, Christian Felix",NA
205,Gianetta Montaldi,Gianetta Montaldi,Trauerspiel,NA,NA,"Schink, Johann Friedrich",NA
218,Der Graf von Olsbach,Graf von Olsbach,Lustspiel,NA,NA,"Brandes, Johann Christian",NA
55,Der Graf von Walltron,Graf von Walltron,Trauerspiel,NA,NA,"Möller, Heinrich Friedrich",NA
84,Die große Batterie,große Batterie,Lustspiel,NA,NA,"Ayrenhoff, Cornelius",NA
215,Die gute Tochter,gute Tochter,Lustspiel,NA,NA,"Schröder, Friedrich Ludwig",NA
187,Der gutherzige Murrkopf,gutherzige Murrkopf,Lustspiel,After Goldoni's Il burbero benefico,NA,"Goldoni, Carlo",NA
128,Hamlet,Hamlet,Trauerspiel,NA,NA,"Schröder, Friedrich Ludwig",NA
46,"Hanns bleibt Hanns, oder der Bauer, ein Fürst","Hanns bleibt Hanns, oder der Bauer, ein Fürst",Lustspiel,NA,https://books.google.com/books?id=Z3UyAQAAMAAJ&newbks=1&pg=PA1#v=onepage&q&f=false,"Schink, Johann Friedrich",NA
87,Der Hausfreund,Hausfreund,Singspiel,Adapted from L'Ame de maison,NA,"Marmontel, Jean-Françoise","Grétry, André Ernest Modeste"
257,Die Haushaltung nach der Mode,Haushaltung nach der Mode,Lustspiel,NA,https://books.google.com/books?id=e92BHvWwvD0C&pg=PA1#v=onepage&q&f=false,"Heufeld, Franz von",NA
45,Der Hausvater,Hausvater,Lustspiel,NA,NA,"Diderot, Denis",NA
157,Die heimliche Heyrath,heimliche Heyrath,Lustspiel,Adapted from Colman's The clandestine marriage (1766),NA,"Colman, George",NA
132,Henriette,Henriette,Lustspiel,"Henriette, oder Sie ist schon verheiratet",NA,"Großmann, Gustav Friedrich Wilhelm",NA
186,"Héraclite, ou le Triomphe de la Beauté","Héraclite, ou le Triomphe de la Beauté",Comédie,"The title page of the 1783 edition has ""Représentée pour la premiere fois à Paris, par les Comédiens Italiens ordinaires du Roi, le Décembre 1783.""",https://books.google.com/books?id=Q8RoAAAAcAAJ&newbks=1&pg=PP3#v=onepage&q&f=false,"Rauquil-Lieutaud, Joseph-Dominique",NA
145,Der Herr Gevatter,Herr Gevatter,Lustspiel,NA,NA,"Pauerspach, Karl Michael",NA
38,Die Holländer,Holländer,Lustspiel,First performed by the court theater in the Burgtheater on 14 Nov 1778.,NA,"Bock, Johann Christian",NA
77,L'Homme du jour,Homme du jour,Comédie,Comèdie en vers,https://books.google.com/books?id=lXliAAAAcAAJ&pg=PA1#v=onepage&q&f=false,"Boissy, Louis de",NA
92,"L'Homme noir, ou le Spleen","Homme noir, ou le Spleen",Comédie,"Earliest edition on WorldCat is 1778. This work has two acts, whereas Schletter has ""3. A.""",https://books.google.com/books?id=xbxoAAAAcAAJ&pg=PA1#v=onepage&q&f=false,Gernevalde,NA
34,Die Horazier,Horazier,Ballet,"Noverre's ballet d'action Les Horaces et les Curiaces, with music by Starzer, was first performed in Vienna in 1772. The ballet performed in 1781 might have been Peter Vogt's ""imitation,"" Die Horazier und Kuriazier.",https://digital.slub-dresden.de/werkansicht/dlf/54395/3/,"Vogt, Peter",unknown
146,Le Huron,Huron,Opéra comique,First performed in 1768,https://fr.wikipedia.org/wiki/Le_Huron_(op%C3%A9ra),"Marmontel, Jean-Françoise","Grétry, André Ernest Modeste"
249,L'Impromptu du coeur,Impromptu du coeur,NA,Five items on CÉSAR with the title L'Impromptu du coeur. Could this be a kind of generic title?,NA,unknown,unknown
162,Inkle und Yariko,Inkle und Yariko,Trauerspiel,"On versions of this story, see Walton 2005",https://books.google.com/books?id=A4LcPlzFo24C&newbks=1&pg=PA1#v=onepage&q&f=false,"Pelzel, Joseph Bernhard",NA
188,Inkle und Yariko,Inkle und Yariko,Trauerspiel,Several works with this title?,NA,"Pelzel, Joseph Bernhard",NA
236,Iphigenie auf Tauris,Iphigenie auf Tauris,Singspiel,NA,NA,"Guillard, Nicolas-François","Gluck, Christoph Willibald"
2,Irene,Irene,Trauerspiel,NA,NA,"Ayrenhoff, Cornelius",NA
190,Der Jahrmarkt von Venedig,Jahrmarkt von Venedig,Singspiel,After Salieri's La fiera di Venezia,NA,"Boccherini, Giovanni Gastone","Salieri, Antonio"
151,Jeannot et Colin,Jeannot et Colin,Comédie,NA,https://books.google.com/books?id=4OM7AAAAcAAJ&pg=PA1#v=onepage&q&f=false,"Voltaire, Françoise-Marie Arouet, dit",NA
93,"Jenny, oder die Uneigennützigkeit","Jenny, oder die Uneigennützigkeit",Drame,"Translation of Jenni, out le Désintéressement (1771)",NA,"Marsollier, Benoît-Joseph",NA
222,Le Jugement de Midas,Jugement de Midas,Comédie mêlée d'ariettes,First performed publicly in Paris by the Comédiens Italiens on 27 Jun 1778.,https://books.google.com/books?id=jXOEhKZFwo0C&pg=PA1#v=onepage&q&f=false,"Hales, Thomas","Grétry, André Ernest Modeste"
11,Juliane von Lindorak,Juliane von Lindorak,Lustspiel,NA,NA,"Gozzi, Carlo",NA
230,Julie,Julie,Comédie mêlée d'ariettes,First performed in Paris on 22 Sep 1772.,https://books.google.com/books?id=r8RbAAAAQAAJ&pg=PA1#v=onepage&q&f=false,"Monvel, Jacques-Marie Boutet de","Dezède, Nicolas-Alexandre"
35,Die junge Indianerinn,junge Indianerinn,Lustspiel,A translation of La junge Indienne. Hadamowsky gives no translator.,NA,"Chamfort, Sébastien-Roch Nicolas de",NA
64,Der Jurist und der Bauer,Jurist und der Bauer,Lustspiel,NA,NA,"Rautenstrauch, Johann",NA
17,Die kleine Aehrenleserin,kleine Aehrenleserin,Lustspiel,"""Lustspiel für Kinder""",http://data.onb.ac.at/rep/10738C8E,"Weiße, Christian Felix",NA
263,Der kleine Grenadier,kleine Grenadier,Lustspiel,"The attribution is from Schletter. This title is not in Einakter, and it seems not to be listed in Goedeke.",NA,"Weiße, Christian Felix",NA
214,Der Kobold,Kobold,Lustspiel,"Adapted from L'Esprit follet, ou la Dame invisible (1770).",NA,"Collé, Charles",NA
159,König Lear,König Lear,Trauerspiel,NA,NA,"Shakespeare, William",NA
18,Die Kroaten,Kroaten,Ballet,NA,NA,Mirek,unknown
197,Der Kühehirt,Kühehirt,Lustspiel,NA,NA,"Weidmann, Paul",NA
24,Das Landmädchen,Landmädchen,Lustspiel,"Apparently Wycherley's The Country Wife, perhaps by way of Garrick's cleaned up version as The Country Girl.",NA,"Schmid, Christian Heinrich",NA
139,Le Legataire universel,Legataire universel,Comédie,NA,NA,"Regnard, Jean-François",NA
78,Les Legs,Legs,Comédie,NA,NA,Marivaux,NA
264,Der letzte Rausch,letzte Rausch,Singspiel,Apparently a German adaptation of L'Ivrogne corrigé.,NA,"Anseaume, Louis","Gluck, Christoph Willibald"
57,Die Liebe unter den Handwerksleuten,Liebe unter den Handwerksleuten,Singspiel,German version of L'amore artigiano,NA,"Goldoni, Carlo","Gassmann, Florian Leopold"
184,Der Liebhaber als ein Schriftsteller und Bedienter,Liebhaber als ein Schriftsteller und Bedienter,Lustspiel,"From Cérou's L'Amant, auteur et valet (1740). The attribution to Martin is from Hadamowsky and hasn't been verified/",https://books.google.com/books?id=oBdYAAAAcAAJ&pg=PA1#v=onepage&q&f=false,"Cérou, Pierre",NA
60,Das Loch in der Thüre,Loch in der Thüre,Lustspiel,NA,NA,"Stephanie d. J., Johann Gottlieb",NA
231,Lucile,Lucile,Comédie mêlée d'ariettes,First performed in Paris on 5 Jan 1769.,https://books.google.com/books?id=pRQzAQAAMAAJ&pg=PA1#v=onepage&q&f=false,"Marmontel, Jean-Françoise","Grétry, André Ernest Modeste"
216,Das Lustlager,Lustlager,Schauspiel,NA,NA,"Babo, Joseph Marius von",NA
217,Le Magnifique,Magnifique,Comédie,First performed in Paris by the Comédiens Italiens on 4 Mar 1773.,https://books.google.com/books?id=Mw9KVCSabZ4C&newbks=1&pg=PA1#v=onepage&q&f=false,"Sedaine, Michel-Jean","Grétry, André Ernest Modeste"
224,Le Maître en droit,Maître en droit,Opéra comique,First performed at the Foire Saint-Germain in Paris on 23 Feb 1760. The date on the Viennese libretto is 1763.,https://books.google.com/books?id=NoJnPwOqmKUC&pg=PA1#v=onepage&q&f=false,"Lemonnier, Pierre-René","Monsigny, Pierre-Alexandre"
206,Le Marchand de Smyrne,Marchand de Smyrne,Opéra comique,"The attribution of this work is uncertain. Chamfort's one-act comedy Le Marchand de Smyrne was first performed in Paris on 26 Jan 1770. However, Schletter's entry specifies an opera (""O. 1. a.""). The only plausible match found so far is the work by Just, but the only libretto online is in Dutch. Probably not Vogler's Der Kaufmann von Smyrna.",NA,"Chamfort, Sébastien-Roch Nicolas de","Just, Johann August"
118,Le Maréchal ferrant,Maréchal ferrant,Opéra comique,NA,https://books.google.com/books?id=PB4eqPr7IQkC&pg=PA1#v=onepage&q&f=false,"Anseaume, Louis","Philidor, François-André Danican"
156,Le Mari retrouvé,Mari retrouvé,Comédie,NA,NA,"Dancourt, Louis Heurteaux dit",NA
5,Matrosen Ballet,Matrosen Ballet,Ballet,NA,NA,Decamp,unknown
165,Le Mazet,Mazet,Opéra comique,Also Mazet (without article),https://archive.org/details/mazetcomedieende00duni/page/n4/mode/2up,"Anseaume, Louis","Duni, Egidio"
65,Medea,Medea,Melodrama,NA,NA,"Gotter, Friedrich Wilhelm","Benda, Georg"
260,Die Mediceer,Mediceer,Trauerspiel,First performed by the Nationaltheater on 11 May 1776.,NA,"Brandes, Johann Christian",NA
182,"Les Menechmes, ou les Jumeaux","Menechmes, ou les Jumeaux",Comédie,NA,NA,"Regnard, Jean-François",NA
68,Le Mercure galant ou la Comédie sans titre,Mercure galant ou la Comédie sans titre,Comédie,NA,NA,"Boursault, Edme",NA
140,Le Milicien,Milicien,Comédie,"""Comedie en  acte mêlée d'ariettes""First performed 1762",https://archive.org/details/lemilicien00duni/page/n7/mode/2uphttps://books.google.com/books?id=fFdXAAAAcAAJ&pg=PA1#v=onepage&q&f=false,"Anseaume, Louis","Duni, Egidio"
183,Milton und Elmire,Milton und Elmire,Singspiel,"The attribution to Reinwald is from Goggle Books, and needs to be investigated. The attribution to Michl is from Grove.",NA,"Reinwald, Wilhelm Friedrich Hermann","Michl, Joseph Willibald"
245,Minna von Barnhelm,Minna von Barnhelm,Lustspiel,NA,NA,"Lessing, Gotthold Ephraim",NA
101,Monsieur de St. Charles,Monsieur de St. Charles,Comédie,The work and author identification appear on several lists published in the 1780s.,NA,Gernevalde,NA
129,Nacht und Ungefähr,Nacht und Ungefähr,Lustspiel,NA,NA,"Capacelli, Francesco Albergati",NA
120,"Nanette et Lucas, ou La Paysanne curieuse","Nanette et Lucas, ou La Paysanne curieuse",Opéra comique,"""Comedie en prose, melée d'ariettes""",https://books.google.com/books?id=8-w5AAAAcAAJ&pg=PA1#v=onepage&q&f=false,"Framery, Nicolas-Étienne","d'Herbain, Jean-Louis Cuchot, Chevalier"
9,Die Näscherinn,Näscherinn,Singspiel,NA,https://books.google.com/books?id=lWYPyjNCuAAC&pg=PA1#v=onepage&q&f=falsehttps://daten.digitale-sammlungen.de/0005/bsb00057879/images/index.html?id=00057879&groesser=&no=3&seite=5,"Weiße, Christian Felix",Kriner
266,Natur und Liebe im Streit,Natur und Liebe im Streit,Trauerspiel,NA,NA,"d'Arien, Bernhard Christoph",NA
39,Die natürliche Zauberey,natürliche Zauberey,Lustspiel,NA,https://books.google.com/books?id=yO0vYEU41lcC&pg=PA1#v=onepage&q&f=false,"Weiße, Christian Felix",NA
149,Die Nebenbuhler,Nebenbuhler,Lustspiel,From Sheridan's The Rivals (1775),NA,"Engelbrecht, Johann Andreas",NA
110,Der Neugierige,Neugierige,Lustspiel,NA,NA,"Stephanie d. J., Johann Gottlieb",NA
201,Ninette à la cour,Ninette à la cour,Comédie mêlée d'ariettes,First performed in Paris on 12 Feb 1755. Songs taken from Bertoldo in corte (1753) by Ciampi.,https://books.google.com/books?id=qS9aAAAAcAAJ&newbks=1&pg=PA1#v=onepage&q&f=false,"Favart, Charles-Simon","Ciampi, Vincenzo Legrenzio"
14,No title,No title,Ballet,NA,NA,unknown,unknown
122,Der Oberamtmann und die Soldaten,Oberamtmann und die Soldaten,Schauspiel,NA,NA,"d'Herbois, Jean-Marie Collot",NA
221,Das öffentliche Geheimniß,öffentliche Geheimniß,Lustspiel,NA,NA,"Gotter, Friedrich Wilhelm",NA
82,L'Officier et le grand Baillif,Officier et le grand Baillif,Comédie,Unidentified,NA,unknown,NA
119,L'Officieux,Officieux,Comédie,NA,https://books.google.com/books?id=a0ZoAAAAcAAJ&pg=PA1#v=onepage&q&f=false,"Piédefer, Adrien-Nicolas, marquis de La Salle",NA
193,Olivie,Olivie,Trauerspiel,NA,NA,"Brandes, Johann Christian",NA
229,"L'Olympiade, ou le Triomphe de l'amitié","Olympiade, ou le Triomphe de l'amitié",Drame mêlé de musique,"French pasticcio, first performed in Paris on 2 Oct 1777.",https://www.loc.gov/resource/musschatz.17475.0/?sp=4,"Framery, Nicolas-Étienne","Sacchini, Antonio"
237,On ne s'avise jamais de tout,On ne s'avise jamais de tout,Opéra comique,"First performed at the Foire Saint-Laurent in Paris, 14 Sep 1761",https://books.google.com/books?id=tw0hfsm4W_8C&pg=PP1#v=onepage&q&f=false,"Sedaine, Michel-Jean","Monsigny, Pierre-Alexandre"
168,Orphée et Euridice,Orphée et Euridice,Tragédie-opéra,NA,NA,"Calzabigi, Ranieri de'","Gluck, Christoph Willibald"
233,Der Ostindienfahrer,Ostindienfahrer,Lustspiel,NA,NA,"Stephanie d. J., Johann Gottlieb",NA
147,Le Page étourdi,Page étourdi,Comédie,Unidentified,NA,unknown,NA
130,Les Pêcheurs,Pêcheurs,Opéra comique,NA,https://books.google.com/books?id=WDDQM0NVJEIC&pg=PP5#v=onepage&q&f=false,"La Salle, Adrien-Nicolas Piédefer, marquis de","Gossec, François-Joseph"
223,Percy,Percy,Trauerspiel,"In Schletter: ""Percy. / Tr. in 5. A. a. d. E. v. einer Damme.""",https://books.google.com/books?id=8-hKZyUodpgC&pg=PA1#v=onepage&q&f=false,"More, Hannah",NA
113,Le Père de famille,Père de famille,Comédie,NA,https://books.google.com/books?id=P8tob_LJomEC&pg=PA1#v=onepage&q&f=false,"Diderot, Denis",NA
247,"Peter du bleibst, oder Der Hausfreund auf dem Lande","Peter du bleibst, oder Der Hausfreund auf dem Lande",Singspiel,Apparently no libretto online.,NA,unknown,"Walter, Ignaz"
246,Philotas,Philotas,Trauerspiel,"Hadamowsky and Von Alth/Obzyna have two performances of Philotas by the court theater in 1782, the first on 22 Jan. This performance on Fri, 9 Nov 1781 is not given in either.",NA,"Lessing, Gotthold Ephraim",NA
50,Die Pilgrime von Mekka,Pilgrime von Mekka,Singspiel,Singpiel version of La rencontre imprévue.,NA,"Dancourt, Louis Heurteaux dit","Gluck, Christoph Willibald"
137,Das Portrait,Portrait,Lustspiel,NA,https://books.google.com/books?id=qobNPU74nCQC&pg=PA1#v=onepage&q&f=false,"Beauchamps, Pierre-François Godard de",NA
27,Präsentirt das Gewehr,Präsentirt das Gewehr,Lustspiel,NA,NA,"Müller, Johann Heinrich Friedrich",NA
98,Les Précieuses ridicules,Précieuses ridicules,Comédie,NA,NA,"Molière, Jean-Baptiste Poquelin, dit","Monsigny, Pierre-Alexandre"
208,Le Procureur arbitre,Procureur arbitre,Comédie,"Given by Schletter as ""O. 1. a."", but Poisson's work is described only as ""comédie en vers"" with no mention of music. No other works with this title are listed in CÉSAR.",https://books.google.com/books?id=oXhPkNoMTJYC&newbks=1&pg=PP1#v=onepage&q&f=false,"Poisson, Philippe",NA
251,Progne und Philomele,Progne und Philomele,Ballet,NA,NA,unknown,"Winter, Peter von"
29,"Die pücefarbnen Schuhe, oder Die schöne Schusterin","pücefarbnen Schuhe, oder Die schöne Schusterin",Singspiel,Based on a French original by Baron du Serrières,NA,"Stephanie d. J., Johann Gottlieb","Umlauf, Ignaz"
262,Le Pucheron,Pucheron,unknown,"No work by this title on CÉSAR, and no Google hits. Perhaps ""bûcheron""? Several titles on CÉSAR contain this word, of which the most likely may be the comédie mêlée d'ariettes Le Bûcheron ou les Trois Souhaits by Guichard and Philidor.",https://books.google.com/books?id=TPM5AAAAcAAJ&newbks=1&pg=PA1#v=onepage&q&f=false,unknown,unknown
163,La Pupille,Pupille,Comédie,First performed in Paris in 1734.,https://books.google.com/books?id=toMUAAAAQAAJ&pg=PA1#v=onepage&q&f=false,"Fagan, Barthélemy-Christophe",NA
99,Pygmalion,Pygmalion,Melodrama,NA,NA,"Rousseau, Jean-Jacques","Coignet, Horace"
235,Pyrrhus und Polixene,Pyrrhus und Polixene,Ballet,NA,NA,unknown,"Winter, Peter von"
103,Der Rauchfangkehrer,Rauchfangkehrer,Singspiel,NA,NA,"Auenbrugger, Leopold","Salieri, Antonio"
3,Die Rechnung ohne den Wirth,Rechnung ohne den Wirth,Lustspiel,NA,NA,"Schletter, Salomon Friedrich",NA
232,Reinhold und Armida,Reinhold und Armida,Melodrama,"First performed in Munich in Jun 1780. The work was performed once by the court theater on 7 Sep 1793 as Armida und Rinaldo (text at the link below). The performances on Fridays in 1781 were probably benefits, possibly for Winter, who seems still to have been in Vienna?",https://www.loc.gov/resource/musschatz.16506.0/?sp=3,"Babo, Joseph Marius von","Winter, Peter von"
150,Richard der Dritte,Richard der Dritte,Trauerspiel,NA,NA,"Weiße, Christian Felix",NA
243,Robert und Kalliste,Robert und Kalliste,Singspiel,Adapted from Guglielmi's La sposa fedele (1766),NA,"Chiari, Pietro","Guglielmi, Pietro Alessandro"
192,Le Roi et le Fermier,Roi et le Fermier,Opéra comique,NA,https://books.google.com/books?id=27kB05OAiroC&newbks=1&pg=PA1#v=onepage&q&f=false,"Sedaine, Michel-Jean","Monsigny, Pierre-Alexandre"
144,Romeo und Julie,Romeo und Julie,Trauerspiel,NA,NA,"Shakespeare, William",NA
74,Rose et Colas,Rose et Colas,Opéra comique,NA,NA,"Sedaine, Michel-Jean","Monsigny, Pierre-Alexandre"
30,La Rosière de Salency,Rosière de Salency,Opéra comique,"According to fr.wikipedia, the music is by Blaise, Philidor, Monsigny, and Duni.",NA,"Favart, Charles-Simon","Philidor, François-André Danican"
226,Sancho Pança dans son isle,Sancho Pança dans son isle,Opéra buffon,First performed in Paris on 8 Jul 1762.,https://books.google.com/books?id=C6dXAAAAcAAJ&pg=PP5#v=onepage&q&f=false,"Poinsinet, Antoine-Alexandre-Henri","Philidor, François-André Danican"
256,Sara ou la Fermière ecossaise,Sara ou la Fermière ecossaise,Comédie mêlée d'ariettes,First performed in Paris on 8 May 1773.,https://books.google.com/books?id=w1eQ69CuwHkC&pg=PA1#v=onepage&q&f=false,"Collet de Messine, Jean-Baptiste","Vachon , Pierre"
142,Der Schmuck,Schmuck,Lustspiel,NA,NA,"Sprickmann, Anton Matthias",NA
72,Der Schneider und sein Sohn,Schneider und sein Sohn,Lustspiel,NA,NA,"Fuß, Franz",NA
248,Die schöne Nanette,schöne Nanette,Lustspiel,Performed only once by the court theater.,NA,"Legrand, Marc-Antoine",NA
112,Der Schubkarren des Essighändlers,Schubkarren des Essighändlers,Lustspiel,NA,NA,"Brahm, Moritz von",NA
96,Die Schwäger,Schwäger,Trauerspiel,NA,NA,"Eckardt, Friedrich Samuel Lucas von",NA
219,Die Schwiegermütter,Schwiegermütter,Lustspiel,"On the title page of the Viennese playbook: ""Auf dem k. k. Hof=Nationaltheater aufgeführt von der in der Schauspielkunst sich übenden Jugend."" The author attribution is from Schletter and Schink 1782.",https://books.google.com/books?id=RDRJAAAAcAAJ&pg=PA1#v=onepage&q&f=false,"Romanus, Karl Franz",NA
104,Der sehende Blinde,sehende Blinde,Lustspiel,Based on L'Aveugle clairvoyant,NA,"Legrand, Marc-Antoine",NA
228,Der seltne Freyer,seltne Freyer,Lustspiel,NA,NA,Gernevalde,NA
207,La Sérénade,Sérénade,Opéra comique,"Le Bouquet de Louison ou la sérénade de village by Taconet is the only 18th-c. one-act opéra on CÉSAR with ""sérénade"" in the title.",NA,unknown,unknown
102,La Servante maitresse,Servante maitresse,Opéra comique,"""Comédie en deux actes, melée d'ariettes, parodiées de La Serva Padrona""",https://books.google.com/books?id=5u87AQAAMAAJ&pg=PA1#v=onepage&q&f=false,"Favart, Charles-Simon",unknown
179,Die sieben Schwaben,sieben Schwaben,Ballet,"Evidently based on the German fairy tale of this name. Kunn's company performed this ballet in Salzburg on 13 Oct 1783 (see MBA vi:156, notes to line 152 of Nannerl Mozart's diary).",NA,unknown,unknown
121,Silvain,Silvain,Opéra comique,NA,https://books.google.com/books?id=EjZMAAAAcAAJ&pg=PA1#v=onepage&q&f=false,"Marmontel, Jean-Françoise","Grétry, André Ernest Modeste"
52,Der Sklavenhändler von Smyrna,Sklavenhändler von Smyrna,Singspiel,"Derived from Chamfort, Le Marchand de Smyrne (1770). The ÖNB has a one-act Lustspiel Der Sklavenhändler von Smyrna based on Chamfort, translated by Brahm. Singspiel versions survive under the title Der Kaufmann von Smyrna with music by Vogler (Mannheim), and Andreas Franz Holly (Holy; Belin 1775). There seems to be no libretto or score corresponding to the 1781 production in the ÖNB.",NA,"Chamfort, Sébastien-Roch Nicolas de",unknown
177,Der Sklavenhändler von Smyrna,Sklavenhändler von Smyrna,Lustspiel,NA,NA,"Brahm, Moritz von",NA
203,Die Sklavinn,Sklavinn,Singspiel,"From Piccinni's Gli stravaganti, ossia La schiava riconosciuta, first performed in Rome on 1 Jan 1764.",NA,"Stephanie d. J., Johann Gottlieb","Piccinni, Niccolò"
67,"Soliman der Zweyte, oder Die drey Sultaninnen","Soliman der Zweyte, oder Die drey Sultaninnen",Lustspiel,Translation of Soliman Second,NA,"Favart, Charles-Simon",NA
180,Le Somnambule,Somnambule,Comédie,First performed in Paris in 1739.,https://books.google.com/books?id=LTCqiB7vX5sC&pg=PA1#v=onepage&q&f=false,"Ferriol de Pont-de-Veyle, Antoine de",NA
114,Le Sorcier,Sorcier,Opéra comique,NA,NA,"Poinsinet, Antoine-Alexandre-Henri","Philidor, François-André Danican"
51,Der Spleen,Spleen,Lustspiel,NA,NA,"Stephanie d. J., Johann Gottlieb",NA
178,Der Stolz des Grafen Barcelona,Stolz des Grafen Barcelona,Singspiel,Nothing is currently known about this work.,NA,unknown,unknown
23,Die Strafe im Sturz,Strafe im Sturz,Ballet,NA,NA,Sacco,unknown
4,Der Sturm,Sturm,Schauspiel,NA,NA,"Schink, Johann Friedrich",NA
250,Der stürmische Liebhaber,stürmische Liebhaber,Lustspiel,NA,NA,"Monvel, Jacques-Marie Boutet de",NA
97,Le Tableau parlant,Tableau parlant,Opéra comique,NA,NA,"Anseaume, Louis","Grétry, André Ernest Modeste"
61,Les Talens à la mode,Talens à la mode,Comédie,NA,NA,"Boissy, Louis de",NA
134,Le Tartuffe,Tartuffe,Comédie,First performed in 1664,NA,"Molière, Jean-Baptiste Poquelin, dit",NA
241,Das Testament,Testament,Lustspiel,NA,NA,"Schröder, Friedrich Ludwig",NA
196,Der Teufel steckt in ihm,Teufel steckt in ihm,Lustspiel,Attribution to Colman is from Hadamowsky.,NA,"Colman, George",NA
254,Thorheit und Betrügerey,Thorheit und Betrügerey,Lustspiel,NA,NA,"Stephanie d. Ä., Christian Gottlob",NA
198,Der Todte ein Freyer,Todte ein Freyer,Lustspiel,Attribution to Sedaine is on title page. Adapted from Sedaine's Le mort marié/,https://books.google.com/books?id=yIa6lmBQ7nsC&pg=PA1#v=onepage&q&f=falsehttps://books.google.com/books?id=-lPK1ryFn3EC&newbks=1&pg=PA1#v=onepage&q&f=false,"Pauerspach, Karl Michael",NA
160,Tom Jones,Tom Jones,Opéra comique,After Fielding's Tom Jones,https://books.google.com/books?id=hGxXAAAAcAAJ&pg=PA1#v=onepage&q&f=false,"Poinsinet, Antoine-Alexandre-Henri","Philidor, François-André Danican"
63,Le Tonnellier,Tonnellier,Opéra comique,NA,NA,"Audinot, Nicolas-Médard","Gossec, François-Joseph"
181,Le Tout en peu,Tout en peu,Comédie,NA,NA,unknown,NA
143,Die Trauer,Trauer,Lustspiel,Adapted from Hauteroches's Le Deuil (1680),NA,"Hauteroche, Noël Lebreton de",NA
258,Les Trois Fermiers,Trois Fermiers,Comédie mêlée d'ariettes,"First performed in Paris, 16 May 1777.",https://books.google.com/books?id=sMo5AAAAcAAJ&pg=PA1#v=onepage&q&f=false,"Monvel, Jacques-Marie Boutet de","Dezède, Nicolas-Alexandre"
125,Les Trois Frères rivaux,Trois Frères rivaux,Comédie,First performed in Paris on 4 Aug 1713. The Viennese playbook at the link is dated 1752.,https://books.google.com/books?id=e_SZmPZsxCcC&pg=PA1#v=onepage&q&f=false,"La Font, Joseph de",NA
88,Les Trois Jumeaux vénetiens,Trois Jumeaux vénetiens,Comédie,First performed in Paris on 7 Dec 1773.,https://books.google.com/books?id=Y--5yUOsyMsC&pg=PA1#v=onepage&q&f=false,"Colalto Mattiuzzi, Antonio Cristoforo",NA
123,Turcaret,Turcaret,Comédie,Published in 1708. Also Turcaret ou le Financier.,https://books.google.com/books?id=EghlH5nqzrYC&pg=PA1#v=onepage&q&f=false,"Lesage, Alain-René",NA
202,Die Uebereilung,Uebereilung,Lustspiel,NA,NA,"Fagan, Barthélemy-Christophe",NA
171,Die Ungetreuen,Ungetreuen,Lustspiel,Adapted from Barthe's Les fausses infidélités.,NA,"Barthe, Nicolas Thomas",NA
212,Die unvermutheten Zufälle,unvermutheten Zufälle,Singspiel,Adapted from Les Événements imprévues (1779).,NA,"Hales, Thomas","Grétry, André Ernest Modeste"
175,Die unversehene Wette,unversehene Wette,Lustspiel,NA,NA,"Rautenstrauch, Johann",NA
76,Die verfolgte Unbekannte,verfolgte Unbekannte,Singspiel,German adaptation of L'incognita perseguitata.,NA,"Petrosellini, Giuseppe","Anfossi, Pasquale"
28,Die Verlobung,Verlobung,Lustspiel,NA,NA,"Brömel, Wilhelm Heinrich",NA
189,Der verlogene Bediente,verlogene Bediente,Lustspiel,From Garrick's The Lying Valet (1741),NA,"Garrick, David",NA
95,Die verstorbene Ehefrau,verstorbene Ehefrau,Lustspiel,NA,NA,"Bretzner, Christoph Friedrich",NA
70,Die wahre Liebe,wahre Liebe,Lustspiel,Identification  uncertain,NA,"Schiebeler, Daniel",NA
31,Wahrheit ist gut Ding,Wahrheit ist gut Ding,Lustspiel,NA,NA,"Goldoni, Carlo",NA
36,Was erhält die Männer treu?,Was erhält die Männer treu?,Singspiel,Premiere in the Burgtheater on 1 May 1780,NA,"Zehnmark, Ludwig","Ruprecht, Martin"
185,Die Wâschermädchen,Wâschermädchen,Singspiel,From Zanetti's Le lavanderine,NA,"Bock, Johann Christian","Zanetti, Francesco"
252,Der Weise in der That,Weise in der That,Schauspiel,NA,NA,"Jester, Friedrich Ernst",NA
108,Wer wird sie kriegen,Wer wird sie kriegen,Lustspiel,NA,NA,"Eckardt, Friedrich Samuel Lucas von",NA
26,Der Westindier,Westindier,Lustspiel,"Adapted from Cumberland's ""The West Indian""",NA,"Cumberland, Richard",NA
141,Die Widersprecherin,Widersprecherin,Lustspiel,Adapted from Dufresny's L'Esprit de contradiction (1700),NA,"Dufresny, Charles",NA
48,Die Wildschützen,Wildschützen,Lustspiel,"According to Hadamowsky, ""Lustspiel mit Gesängen""",NA,"Stephanie d. J., Johann Gottlieb",unknown
69,Das Winterquartier in Amerika,Winterquartier in Amerika,Lustspiel,NA,NA,"Babo, Joseph Marius von",NA
153,Die Wirthschaftlerinn,Wirthschaftlerinn,Lustspiel,NA,NA,"Stephanie d. J., Johann Gottlieb",NA
79,Wissenschaft geht vor Schönheit,Wissenschaft geht vor Schönheit,Lustspiel,Kalliope record here: http://kalliope-verbund.info/DE-611-HS-3410222 has this as a translation by Bock of Goldoni's La donna garbo (1743).,https://books.google.com/books?id=NygDljEwhsAC&pg=PA1#v=onepage&q&f=false,"Bock, Johann Christian",NA
164,Der Wittwer,Wittwer,Lustspiel,"Based on Carmontelle's ""Proverbe dramatique"" Le Veuf.https://fr.wikisource.org/wiki/Proverbes_dramatiques/Le_Veuf",NA,"Carmontelle, Louis Carrogis de",NA
152,Die Wölfe in der Heerde,Wölfe in der Heerde,Lustspiel,NA,NA,"Stephanie d. J., Johann Gottlieb",NA
116,Der Zaubergürtel,Zaubergürtel,Lustspiel,NA,https://books.google.com/books?id=ahBaAAAAcAAJ&pg=PP1#v=onepage&q&f=false,"Rousseau, Jean-Jacques",NA
25,Zémire et Azor,Zémire et Azor,Opéra comique,"A German version of Zémire et Azor had been in the repertory of the court theater since 13 Oct 1779. The performances on 27 Jun and 19 Jul were in German, the others in French.",NA,"Marmontel, Jean-Françoise","Grétry, André Ernest Modeste"
204,Zu gut ist nicht gut,Zu gut ist nicht gut,Lustspiel,"""nationalisieret von Herrn Schmidt."" First performed by the Nationaltheater on 22 Nov 1777.",https://books.google.com/books?id=F_5HAAAAcAAJ&pg=PA1#v=onepage&q&f=false,"Goldsmith, Oliver",NA
194,Die zwey Gräfinnen,zwey Gräfinnen,Singspiel,Adapted from Le due contesse.,https://books.google.com/books?id=6gFXAAAAcAAJ&pg=PA3#v=onepage&q&f=false,"Petrosellini, Giuseppe","Paisiello, Giovanni"
